Identificador;Tipo Equipamento;Modelo;Marca;Valor (R$);Custo total externo
HCPE-1905,760.291;APLICADOR CRIOCAUTERIO;CRYOFAST CT-908;ALIMED TEC;0.0;0.0
HCPE-1367,407.946;ARCO CIRURGICO MOVEL;OEC-9800-PLUS;GE HEALTHCARE;620000.0;0.0
HCPE-1381,407.953;ARCO CIRURGICO MOVEL;OEC FLUOROSTAR-7900;GE HEALTHCARE;365000.0;0.0
HCPE-1587,407.926;ASPIRADOR/IRRIGADOR LAPAROSCOPIA;HAMOU ENDOMAT-263310 20;KARL STORZ;72889.2;18750.0
HCPE-1297,409.293;BALANCA PACIENTE INFANTIL ELETRONICA;BP BABY;FILIZOLA;960.0;17.72
HCPE-2177,406.529;BALANCA PACIENTE INFANTIL ELETRONICA;BP BABY;FILIZOLA;960.0;180.0
HCPE-1295,758.087;BALANCA PACIENTE INFANTIL ELETRONICA;BP BABY;FILIZOLA;960.0;310.0
HCPE-1878,757.898;BALANCA PACIENTE INFANTIL ELETRONICA;109-E;WELMY;750.0;1520.0
HCPE-1879,757.897;BALANCA PACIENTE INFANTIL ELETRONICA;BP BABY;FILIZOLA;960.0;380.0
HCPE-0890,410.004;BALANCA PACIENTE PLATAFORMA ELETRONICA;LD-1050;LIDER;1100.0;0.0
HCPE-1817,413.187;BALANCA PACIENTE PLATAFORMA ELETRONICA;W-200;WELMY;1100.0;430.0
HCPE-2043,760.602;BALANCA PACIENTE PLATAFORMA ELETRONICA;LD-1050;LIDER;1100.0;350.0
HCPE-0804,757.396;BERCO AQUECIDO;BA-51-TS;FANEM;12000.0;0.0
HCPE-1766;BERCO AQUECIDO;BA-51;FANEM;12000.0;0.0
HCPE-3642;BERCO AQUECIDO;2085;FANEM;47000.0;0.0
HCPE-0621,407.109;BERCO AQUECIDO;BA-51-TS;FANEM;12000.0;585.0
HCPE-1220,407.492;BERCO AQUECIDO;BA-51;FANEM;12000.0;0.0
HCPE-1256,407.499;BERCO AQUECIDO;BA-51-TS;FANEM;12000.0;0.0
nan;BERCO NEONATO;GIGABABY I;GIGANTE;7014.0;30146.0
HCPE-1663,759.910;BERCO NEONATO;GIGABABY I;GIGANTE;658.0;313.33
HCPE-1664,759.911;BERCO NEONATO;GIGABABY I;GIGANTE;658.0;313.33
HCPE-1670,759.906;BERCO NEONATO;GIGABABY I;GIGANTE;658.0;313.33
HCPE-2331,761.431;BILIRRUBINOMETRO CUTANEO;JM-105;DRAGER;40000.0;0.0
HCPE-1356,407.968;BISTURI ELETRONICO MONOPOLAR-BIPOLAR;SS-501-S;WEM;20000.0;0.0
HCPE-1358,407.969;BISTURI ELETRONICO MONOPOLAR-BIPOLAR;SS-501-S;WEM;20000.0;0.0
HCPE-1849,407.254;BISTURI ELETRONICO MONOPOLAR-BIPOLAR;FORCE FX;COVIDIEN;23000.0;0.0
HCPE-1850,410.870;BISTURI ELETRONICO MONOPOLAR-BIPOLAR;FORCE FX;COVIDIEN;23000.0;0.0
HCPE-0601;BLENDER;AIR O2-BLENDER;INTERMED;0.0;557.45
HCPE-0604;BLENDER;AIR O2-BLENDER;INTERMED;0.0;0.0
HCPE-0645;BLENDER;AIR O2-BLENDER;INTERMED;0.0;972.1
HCPE-2836,;BOMBA INFUSAO SERINGA;ST-7000;SAMTRONIC;7500.0;0.0
HCPE-0532;BOMBA INFUSAO SERINGA;ST-7000;SAMTRONIC;7500.0;0.0
HCPE-0558;BOMBA INFUSAO SERINGA;ST-7000;SAMTRONIC;7500.0;0.0
HCPE-0606;BOMBA INFUSAO SERINGA;ST-7000;SAMTRONIC;7500.0;0.0
HCPE-0609;BOMBA INFUSAO SERINGA;ST-7000;SAMTRONIC;7500.0;0.0
HCPE-0610;BOMBA INFUSAO SERINGA;ST-7000;SAMTRONIC;7500.0;0.0
HCPE-0615;BOMBA INFUSAO SERINGA;ST-7000;SAMTRONIC;7500.0;0.0
nan;BOMBA INFUSAO USO GERAL;ST-1000;SAMTRONIC;1.0;30146.0
HCPE-0027;BOMBA INFUSAO USO GERAL;ST-1000;SAMTRONIC;3.5;0.0
HCPE-0373;BOMBA INFUSAO USO GERAL;ST-1000;SAMTRONIC;3.5;0.0
HCPE-0415;BOMBA INFUSAO USO GERAL;ST-1000;SAMTRONIC;3.5;0.0
HCPE-0435;BOMBA INFUSAO USO GERAL;ST-1000;SAMTRONIC;3500.0;0.0
HCPE-0436;BOMBA INFUSAO USO GERAL;ST-1000;SAMTRONIC;3500.0;0.0
HCPE-0443;BOMBA INFUSAO USO GERAL;ST-1000;SAMTRONIC;3500.0;0.0
HCPE-0454;BOMBA INFUSAO USO GERAL;ST-1000;SAMTRONIC;3500.0;0.0
HCPE-0565;BOMBA INFUSAO USO GERAL;ST-1000;SAMTRONIC;3500.0;0.0
HCPE-0577;BOMBA INFUSAO USO GERAL;ST-1000;SAMTRONIC;3500.0;0.0
HCPE-0579;BOMBA INFUSAO USO GERAL;ST-1000;SAMTRONIC;3500.0;0.0
HCPE-0685;BOMBA INFUSAO USO GERAL;ST-1000;SAMTRONIC;3500.0;0.0
HCPE-0752;BOMBA INFUSAO USO GERAL;ST-1000;SAMTRONIC;3500.0;0.0
HCPE-0857;BOMBA INFUSAO USO GERAL;ST-1000;SAMTRONIC;3500.0;0.0
HCPE-0864;BOMBA INFUSAO USO GERAL;ST-1000;SAMTRONIC;3.5;0.0
HCPE-0865;BOMBA INFUSAO USO GERAL;ST-1000;SAMTRONIC;3500.0;0.0
HCPE-0932;BOMBA INFUSAO USO GERAL;ST-1000;SAMTRONIC;3500.0;0.0
HCPE-1228;BOMBA INFUSAO USO GERAL;ST-1000;SAMTRONIC;3500.0;0.0
HCPE-1245;BOMBA INFUSAO USO GERAL;ST-1000;SAMTRONIC;3500.0;0.0
HCPE-1593;BOMBA INFUSAO USO GERAL;ST-1000;SAMTRONIC;3500.0;0.0
HCPE-1744;BOMBA INFUSAO USO GERAL;ST-1000;SAMTRONIC;3500.0;0.0
HCPE-1820;BOMBA INFUSAO USO GERAL;ST-1000;SAMTRONIC;3500.0;0.0
HCPE-2185;BOMBA INFUSAO USO GERAL;ST-1000;SAMTRONIC;3500.0;0.0
HCPE-2363;BOMBA INFUSAO USO GERAL;ST-1000;SAMTRONIC;3500.0;0.0
HCPE-2717;BOMBA INFUSAO USO GERAL;ST-1000;SAMTRONIC;3500.0;0.0
HCPE-2752;BOMBA INFUSAO USO GERAL;ST-1000;SAMTRONIC;3500.0;0.0
HCPE-1155;BOMBA INFUSAO USO GERAL;ST-1000;SAMTRONIC;3500.0;0.0
nan;CAMA ELETRICA;MS-11.003;MEDI SAUDE;12099.0;30146.0
nan;CAMA ELETRICA;MS-11.003;MEDI SAUDE;12099.0;30146.0
nan;CAMA ELETRICA;MS-11.003;MEDI SAUDE;12099.0;30146.0
nan;CAMA ELETRICA;MS-11.003;MEDI SAUDE;12099.0;30146.0
nan;CAMA ELETRICA;MS-11.003;MEDI SAUDE;12099.0;30146.0
nan;CAMA ELETRICA;MS-11.003;MEDI SAUDE;12099.0;30146.0
nan;CAMA ELETRICA;MS-11.003;MEDI SAUDE;12099.0;30146.0
nan;CAMA ELETRICA;MS-11.003;MEDI SAUDE;12099.0;30146.0
nan;CAMA ELETRICA;MS-11.003;MEDI SAUDE;12099.0;30146.0
nan;CAMA ELETRICA;MS-11.002;MEDI SAUDE;12099.0;30146.0
nan;CAMA ELETRICA;MS-11.003;MEDI SAUDE;12099.0;30146.0
nan;CAMA ELETRICA;MS-11.003;MEDI SAUDE;12099.0;30146.0
nan;CAMA ELETRICA;MS-11.003;MEDI SAUDE;12099.0;30146.0
nan;CAMA ELETRICA;MS-11.003;MEDI SAUDE;12099.0;30146.0
nan;CAMA ELETRICA;MS-11.003;MEDI SAUDE;12099.0;30146.0
HCPE-3335,769.434;CAMA ELETRICA;7500-SV-2;STRYKER;14690.0;0.0
HCPE-0489,410.794;CAMA ELETRICA;ENTERPRISE-8000;ARJOHUNTLEIGH;15000.0;0.0
HCPE-2563,774.503;CAMA ELETRICA OBESO;RC-203-O;RC MOVEIS;15000.0;0.0
HCPE-3364,769.425;CAMA ELETRICA PARTO;RC-208-E;RC MOVEIS;12009.68;0.0
HCPE-1913;CAMERA VIDEO ENDOSCOPIO;IMAGE-1-H-3-Z-222200 55;KARL STORZ;300000.0;0.0
HCPE-1914;CAMERA VIDEO ENDOSCOPIO;IMAGE-1-H-3-Z-222200 55;KARL STORZ;300000.0;0.0
HCPE-1915;CAMERA VIDEO ENDOSCOPIO;IMAGE-1-H-3-Z-222200 55;KARL STORZ;300000.0;0.0
HCPE-2227;CAMERA VIDEO ENDOSCOPIO;IMAGE-1-H-3-Z-222200 55;KARL STORZ;300000.0;0.0
HCPE-2552;CAMERA VIDEO ENDOSCOPIO;IMAGE-1-H-3-Z-222200 55;KARL STORZ;300000.0;0.0
nan;CASSETE DIGITALIZADOR;14-HQ-701-G;LG;78450.0;30146.0
nan;CASSETE DIGITALIZADOR;14-HQ-701-G;LG;78450.0;30146.0
HCPE-1836;CRANIOTOMO;DIAMOND MAX;MACOM;0.0;900.0
HCPE-1462,414.824;DENSITOMETRO OSSEO RAIO-X FEIXE DUPLO;DISCOVERY WI;HOLOGIC;280000.0;0.0
HCPE-3270,;DENSITOMETRO OSSEO RAIO-X FEIXE DUPLO;HORIZON WI;HOLOGIC;253133.33;0.0
HCPE-2596,755.394;DESFIBRILADOR-CARDIOVERSOR;DUALMAX;INSTRAMED;16680.0;0.0
HCPE-2597,765.393;DESFIBRILADOR-CARDIOVERSOR;DUALMAX;INSTRAMED;16680.0;0.0
HCPE-2219,407.508;DESFIBRILADOR-CARDIOVERSOR;CARDIOMAX;INSTRAMED;35000.0;0.0
HCPE-2377,761.674;DESFIBRILADOR-CARDIOVERSOR;CARDIOMAX;INSTRAMED;18500.0;0.0
HCPE-1150,406.555;DESFIBRILADOR-CARDIOVERSOR;BENEHEART D-3;MINDRAY;23500.0;0.0
HCPE-1827,412.590;DESFIBRILADOR-CARDIOVERSOR;LIFE-400-PLUS;CMOS DRAKE;35000.0;0.0
HCPE-1198,411.202;DESFIBRILADOR-CARDIOVERSOR;LIFE-400-PLUS;CMOS DRAKE;35000.0;580.0
HCPE-2979,770.066;DESFIBRILADOR-CARDIOVERSOR;DUALMAX;INSTRAMED;16.68;3549.1
HCPE-2375,761.671;DESFIBRILADOR-CARDIOVERSOR;CARDIOMAX;INSTRAMED;18500.0;0.0
HCPE-1753,759.749;DETECTOR FETAL US CORACAO;FD-200-B;MD;494.0;0.0
nan;DETECTOR FETAL US CORACAO;DF-7001;MEDPEJ;94008.0;30146.0
nan;DETECTOR FETAL US CORACAO;DF-7001;MEDPEJ;9400800.0;30146.0
nan;DETECTOR FETAL US CORACAO;DF-7001;MEDPEJ;94008.0;30146.0
nan;DETECTOR FETAL US CORACAO;DF-7001;MEDPEJ;94008.0;30146.0
nan;DETECTOR FETAL US CORACAO;FD-200-B;MD;494.0;30146.0
nan;DETECTOR FETAL US CORACAO;FD-200-B;MD;494.0;30146.0
HCPE-1534,407.934;DIGITALIZADOR/GRAVADOR VIDEO;AIDA CONTROL NEO-20046120;KARL STORZ;120000.0;420.0
HCPE-1847,407.949;DISPENSADOR GELO;IM-15 10-P;ELETTROMEC;0.0;850.0
HCPE-2186,405.801;ESFIGMOMANOMETRO ANEROIDE;156-H;MIKATOS;470.0;18.0
HCPE-0284,406.045;ESFIGMOMANOMETRO ANEROIDE;156-H;MIKATOS;470.0;18.9
HCPE-1224,406.056;ESFIGMOMANOMETRO ANEROIDE;156-H;MIKATOS;470.0;18.9
HCPE-0148,405.802;ESFIGMOMANOMETRO ANEROIDE;156-H;MIKATOS;470.0;18.9
HCPE-0181,406.086;ESFIGMOMANOMETRO ANEROIDE;156-H;MIKATOS;470.0;15.84
HCPE-0385,406.031;ESFIGMOMANOMETRO ANEROIDE;156-H;MIKATOS;470.0;18.9
HCPE-0276,405.806;ESFIGMOMANOMETRO ANEROIDE;156-H;MIKATOS;470.0;0.0
HCPE-0324,406.041;ESFIGMOMANOMETRO ANEROIDE;156-H;MIKATOS;470.0;18.9
HCPE-3055;ESTEIRA ERGOMETRICA;SUPER ATL;INBRAMED;53100.0;1585.0
nan;ESTIMULADOR ELETRICO N P ANALGESIA TRANSCUTANEO;NEURODYN II;IBRAMED;1999.99;30146.0
HCPE-0114,413.744;FACOEMULSIFICADOR;INFINITI VISION SYSTEM;ALCON;220000.0;0.0
HCPE-1868;FIBROSCOPIO INTUBACAO;11301-AA-1;KARL STORZ;0.0;0.0
HCPE-1544,759.967;FOCO CIRURGICO;VOLISTA ACESS-400;MAQUET;43700.0;0.0
HCPE-1899,759.966;FOCO CIRURGICO;VOLISTA ACESS-400;MAQUET;53000.0;0.0
nan;FOCO CIRURGICO;LUCEA-100 50;MAQUET;46000.0;30146.0
HCPE-2288,760.100;FOCO CIRURGICO;VOLISTA ACESS-400;MAQUET;53000.0;0.0
HCPE-1585,407.927;FONTE LUZ FIBRA OPTICA ENDOSCOPIO RIGIDO MULTIUSO;XENON-300 201331 20;KARL STORZ;70000.0;13000.0
HCPE-0548,409.217;FOTOTERAPIA HIPERBILIRRUBINEMIA;BILITRON-3006-BTP;FANEM;4500.0;0.0
HCPE-0550,409.291;FOTOTERAPIA HIPERBILIRRUBINEMIA;BILITRON-3006-BTP;FANEM;4.5;0.0
HCPE-1645,759.725;FOTOTERAPIA HIPERBILIRRUBINEMIA;BILITRON BED-4006;FANEM;10500.0;0.0
HCPE-1741,757.602;FOTOTERAPIA HIPERBILIRRUBINEMIA;BILITRON-3006-BTP;FANEM;4500.0;0.0
HCPE-1748,409.235;FOTOTERAPIA HIPERBILIRRUBINEMIA;BILITRON-3006-BTP;FANEM;4500.0;0.0
HCPE-0546,756.040;FOTOTERAPIA HIPERBILIRRUBINEMIA;BILITRON-3006-BTP;FANEM;4500.0;0.0
HCPE-0547,409.215;FOTOTERAPIA HIPERBILIRRUBINEMIA;BILITRON-3006-BTP;FANEM;4500.0;0.0
HCPE-0549,409.213;FOTOTERAPIA HIPERBILIRRUBINEMIA;BILITRON-3006-BTP;FANEM;4500.0;0.0
HCPE-1691,759.837;FOTOTERAPIA HIPERBILIRRUBINEMIA;BILITRON SKY-5006;FANEM;4800.0;0.0
HCPE-1693,759.840;FOTOTERAPIA HIPERBILIRRUBINEMIA;BILITRON SKY-5006;FANEM;4800.0;0.0
HCPE-1767;FOTOTERAPIA HIPERBILIRRUBINEMIA;BILITRON-3006-BTP;FANEM;4500.0;0.0
HCPE-1779,759.844;FOTOTERAPIA HIPERBILIRRUBINEMIA;BILITRON SKY-5006;FANEM;4800.0;0.0
HCPE-3037;GAMA CAMARA SPECT CT;DISCOVERY NM-630-SPECT;GE HEALTHCARE;1510000.0;0.0
HCPE-3294;IMPRESSORA LASER;DRYPIX EDGE;FUJIFILM;5100.0;0.0
HCPE-2275,761.100;INCUBADORA RN MOVEL;DUETTO-2386;FANEM;69.5;0.0
HCPE-2276,761.256;INCUBADORA RN MOVEL;DUETTO-2386;FANEM;69.5;12563.2
HCPE-2277,761.254;INCUBADORA RN MOVEL;DUETTO-2386;FANEM;69500.0;8351.2
HCPE-2278,761.255;INCUBADORA RN MOVEL;DUETTO-2386;FANEM;69.5;7998.0
HCPE-2599,771.621;INCUBADORA RN MOVEL;DUETTO-2386;FANEM;69.5;6123.0
HCPE-2600,771.620;INCUBADORA RN MOVEL;DUETTO-2386;FANEM;69.5;0.0
HCPE-2601,771.624;INCUBADORA RN MOVEL;DUETTO-2386;FANEM;69.5;7480.0
HCPE-2602,771.623;INCUBADORA RN MOVEL;DUETTO-2386;FANEM;69.5;0.0
HCPE-2603,771.622;INCUBADORA RN MOVEL;DUETTO-2386;FANEM;69500.0;0.0
HCPE-1311,407.202;INCUBADORA RN TRANSPORTE;IT-158-TS;FANEM;20000.0;4456.0
HCPE-3325,769.385;INCUBADORA RN TRANSPORTE;IT-158-TS;FANEM;52200.0;0.0
HCPE-0552,409.219;INCUBADORA RN TRANSPORTE;IT-158-TS;FANEM;20000.0;0.0
HCPE-2105;INJETOR MEIO CONTRASTE;SPECTRIS SOLARIS EP;BAYER;1.0;47000.07
nan;INJETOR MEIO CONTRASTE;SALIENT DC-009-DW;MEDRAD;100000.0;30146.0
HCPE-1474,414.954;INJETOR MEIO CONTRASTE;OPTIVANTAGE DH;MALLINCKRODT;205000.0;250.0
HCPE-1417,410.343;INSUFLADOR LAPAROSCOPIA;THERMOFLATOR-264320 20;KARL STORZ;15000.0;13750.0
HCPE-1583,757.846;INSUFLADOR MECANICO LAPAROSCOPIA;26432020;KARL STORZ;1.0;0.0
HCPE-2090,407.911;INSUFLADOR MECANICO LAPAROSCOPIA;26432020;KARL STORZ;0.0;0.0
HCPE-1885,756.680;LAMPADA FENDA;C-120;APRAMED;30000.0;600.0
nan;LARINGOSCOPIO RIGIDO;MR CONDITIONAL;SCOPE MEDICAL;14971.7;30146.0
HCPE-3631;LAVADORA US;E-0201 042;BAUMER;64000.0;0.0
HCPE-0116,407.943;MESA CIRURGICA;ALPHASTAR-1132;MAQUET;100000.0;0.0
HCPE-1262,407.229;MESA CIRURGICA;ALPHASTAR-1132;MAQUET;100000.0;0.0
HCPE-1386,407.870;MESA CIRURGICA;ALPHASTAR-1132;MAQUET;100000.0;0.0
HCPE-1408,407.895;MESA CIRURGICA;ALPHASTAR-1132;MAQUET;100000.0;0.0
HCPE-1562,410.890;MESA CIRURGICA;ALPHASTAR-1132;MAQUET;100000.0;13001.4
HCPE-1569,410.881;MESA CIRURGICA;ALPHASTAR-1132;MAQUET;100000.0;0.0
HCPE-1577,410.316;MESA CIRURGICA;ALPHASTAR-1132;MAQUET;100000.0;0.0
HCPE-1720,413.708;MESA CIRURGICA;ALPHASTAR-1132;MAQUET;100000.0;0.0
HCPE-2072,413.901;MESA CIRURGICA;ALPHASTAR-1132;MAQUET;100000.0;0.0
HCPE-2099,407.947;MESA CIRURGICA;ALPHASTAR-1132;MAQUET;100000.0;0.0
HCPE-2203,410.328;MESA CIRURGICA;ALPHASTAR-1132;MAQUET;100000.0;17000.0
HCPE-0001,407.984;MICROSCOPIO CIRURGICO;OPMI VARIO-700;CARL ZEISS;400000.0;0.0
HCPE-0077,759.896;MICROSCOPIO CIRURGICO;MC M-1232;DF VASCONCELLOS;37850.0;0.0
HCPE-2956,773.509;MICROSCOPIO CIRURGICO;OPMI LUMERA I;CARL ZEISS;409053.0;0.0
HCPE-0496,410.715;MONITOR MULTIPARAMETRICO;DASH-4000;GE HEALTHCARE;25000.0;0.0
HCPE-1389,410.317;MONITOR MULTIPARAMETRICO;VITA-400-A;ALFAMED;0.0;397.0
HCPE-1548,760.755;MONITOR MULTIPARAMETRICO;VITA-400-E;ALFAMED;8000.0;0.0
HCPE-1212,407.273;MONITOR MULTIPARAMETRICO;MU-671-RK;NIHON KOHDEN;28450.0;0.0
HCPE-0688,408.000;MONITOR MULTIPARAMETRICO;DASH-4000;GE HEALTHCARE;25000.0;0.0
HCPE-0696,410.795;MONITOR MULTIPARAMETRICO;DX-2010;DIXTAL;20000.0;0.0
HCPE-0697,410.774;MONITOR MULTIPARAMETRICO;DX-2010;DIXTAL;20000.0;0.0
HCPE-1393,407.839;MONITOR MULTIPARAMETRICO;VITA-400-A;ALFAMED;9000.0;0.0
HCPE-2564;MONITOR MULTIPARAMETRICO;VITA-400-A;ALFAMED;1.0;0.0
HCPE-3322,769.398;MONITOR MULTIPARAMETRICO;EFFICIA CM-100;PHILIPS;21600.0;0.0
nan;NOBREAK;915510-GE;EATON;10000.0;30146.0
HCPE-1837;PERFURADOR;MA-9000;MACOM;0.0;0.0
nan;PERFURADOR;MA-9000;MACOM;15000.0;30146.0
HCPE-1344,417.828;PET CT;DISCOVERY;GE HEALTHCARE;6200000.0;0.0
HCPE-1917,407.918;PROCESSADORA VIDEO ENDOSCOPIA;IMAGE-1-HUB-222010 20;KARL STORZ;50000.0;0.0
nan;RADIOMETRO FOTOTERAPIA;THOR MULTITESTER-3620;FANEM;3.5;30146.0
nan;RADIOMETRO FOTOTERAPIA;THOR MULTITESTER-3620;FANEM;3.5;30146.0
HCPE-1505,1576/2011;RAIO-X;COMPACTO PLUS-500;PHILIPS;159443.0;4494.4400000000005
HCPE-1901,760.292;RAIO-X MOVEL;MOBILEART EVOLUTION;SHIMADZU;192000.0;15420.0
HCPE-1257,763.354;REANIMADOR PULMONAR PNEUMATICO;BABYPUFF-1020;FANEM;10000.0;750.0
HCPE-1314,758.040;REANIMADOR PULMONAR PNEUMATICO;BABYPUFF-1020;FANEM;15000.0;345.0
HCPE-1315,757.852;REANIMADOR PULMONAR PNEUMATICO;BABYPUFF-1020;FANEM;10000.0;315.0
HCPE-0914,;RESSONANCIA MAGNETICA;SIGNA HDI;GE HEALTHCARE;2500000.0;0.0
HCPE-0909;SELADOR PACOTE;RSR-2000;RON MICROMECANICA;0.0;0.0
HCPE-2193;SELADOR PACOTE;RSR-2000;RON;3500.0;0.0
HCPE-2341;SELADOR PACOTE;RSR-2000;RON;1.0;0.0
HCPE-1838;SERRA CIRURGICA OSSEA PNEUMATICA RECIPROCANTE ESTERNO;MA-8000;MACOM;0.0;0.0
HCPE-2853;SERRA CIRURGICA OSSEA PNEUMATICA RECIPROCANTE ESTERNO;MA-8000;MACOM;40000.0;900.0
HCPE-3001,;SERRA CIRURGICA OSSEA PNEUMATICA RECIPROCANTE ESTERNO;MA-8000;MACOM;0.0;900.0
HCPE-1470,414.865;SIS DIGITALIZACAO IMAGEM RADIOGRAFIA;CR-85-X;AGFA;280000.0;0.0
HCPE-1468,414.863;SIS DIGITALIZACAO IMAGEM RADIOGRAFIA;CR-85-X;AGFA;280000.0;0.0
HCPE-2085,-;SIS IMAGEM DIGITAL ANGIOGRAFICO CARDIOVASCULAR;ARTIS ZEE FLOOR;SIEMENS;1104761.81;0.0
HCPE-0462;SIS RADIOGRAFICO FILME;CR-7;INTECAL;50000.0;0.0
HCPE-1506,760.706,6021/2012;SIS RADIOGRAFICO FILME;COMPACTO PLUS;PHILIPS;150000.0;3652.4
HCPE-0319,414.843;SIS RADIOGRAFICO-FLUOROSCOPICO;AXIOM ICONOS MD;SIEMENS;800000.0;1.38
HCPE-3652,;TOMOGRAFO COMPUTADORIZADO;INCISIVE CT;PHILIPS;2411171.0;0.0
nan;TRANSDUTOR US;C-1 5-RS;GE HEALTHCARE;20000.0;30146.0
nan;TRANSDUTOR US;ML-6 15-RS;GE HEALTHCARE;15000.0;30146.0
nan;TRANSDUTOR US;RIC-5 9-A RS;GE HEALTHCARE;15000.0;30146.0
nan;TRANSDUTOR US;E-8-C RS;GE HEALTHCARE;10000.0;30146.0
nan;TRANSDUTOR US;4-C RS;GE HEALTHCARE;10000.0;30146.0
nan;TRANSDUTOR US;L-6 12-RS-5459829;GE HEALTHCARE;15000.0;30146.0
nan;TRANSDUTOR US;C-1 5-D;GE HEALTHCARE;23411.25;30146.0
nan;TRANSDUTOR US;C-1 5-D;GE HEALTHCARE;23411.25;30146.0
nan;TRANSDUTOR US;9-L D;GE HEALTHCARE;15000.0;30146.0
nan;TRANSDUTOR US;9-L D;GE HEALTHCARE;15000.0;30146.0
nan;TRANSDUTOR US;9-L D;GE HEALTHCARE;15000.0;30146.0
nan;TRANSDUTOR US;C-1 5-D;GE HEALTHCARE;20000.0;30146.0
nan;TRANSDUTOR US;C-1 5-D;GE HEALTHCARE;20000.0;30146.0
nan;TRANSDUTOR US;ML-6 15-D;GE HEALTHCARE;15000.0;30146.0
nan;TRANSDUTOR US;11-L;GE HEALTHCARE;13500.0;30146.0
nan;TRANSDUTOR US;ML-6 15-D;GE HEALTHCARE;50201.14;30146.0
nan;TRANSDUTOR US;IC-5 9-D;GE HEALTHCARE;15000.0;30146.0
nan;TRANSDUTOR US;IC-5 9-D;GE HEALTHCARE;15000.0;30146.0
nan;TRANSDUTOR US;E-8-C RS;GE HEALTHCARE;10000.0;30146.0
nan;TRANSDUTOR US;12-L RS;GE HEALTHCARE;10000.0;30146.0
nan;TRANSDUTOR US;13-L-4;SIEMENS;15000.0;30146.0
nan;TRANSDUTOR US;5-C-1;SIEMENS;20000.0;30146.0
nan;TRANSDUTOR US;5-P-1;SIEMENS;15000.0;30146.0
nan;TRANSDUTOR US;8-V-4;SIEMENS;15000.0;30146.0
nan;TRANSDUTOR US;M-5-SC D;GE HEALTHCARE;15000.0;30146.0
nan;TRANSDUTOR US;12-L RS;GE HEALTHCARE;10000.0;30146.0
nan;TRANSDUTOR US;8-L RS;GE HEALTHCARE;15000.0;30146.0
HCPE-3090,770.862;ULTRASSOM;VERSANA PREMIER;GE HEALTHCARE;101091.0;0.0
HCPE-0022,412.316;ULTRASSOM;HD-7;PHILIPS;150000.0;0.0
HCPE-1122,412.150;ULTRASSOM;LOGIQ S-7-EXPERT;GE HEALTHCARE;164990.0;0.0
HCPE-1132,412.163;ULTRASSOM;LOGIQ S-7-EXPERT;GE HEALTHCARE;164990.0;0.0
HCPE-3095,770.850;ULTRASSOM;VOLUSON S-8-T;GE HEALTHCARE;216000.0;0.0
HCPE-2608,771.300;ULTRASSOM;EPIQ CVX;PHILIPS;282897.28;0.0
HCPE-1555,760.730;ULTRASSOM;ACUSON X-150;SIEMENS;120000.0;0.0
HCPE-1398,758.872;ULTRASSOM PORTATIL;LOGIQ E;GE HEALTHCARE;77000.0;0.0
HCPE-1733,758.871;ULTRASSOM PORTATIL;LOGIQ E;GE HEALTHCARE;75000.0;8600.0
HCPE-3837;ULTRASSOM PORTATIL;VERSANA ACTIVE;GE HEALTHCARE;226500.0;0.0
HCPE-1453,759.244;ULTRASSOM PORTATIL;LOGIQ E;GE HEALTHCARE;77000.0;0.0
HCPE-0961;UMIDIFICADOR AQUECEDOR;MISTY-3;INTERMED;0.0;0.0
HCPE-1713,409.654;UNI ANESTESIA;CARESTATION-620;GE HEALTHCARE;117000.0;0.0
HCPE-2572,771.153;UNI ANESTESIA;9100-C NXT;GE HEALTHCARE;91900.0;8025.79
HCPE-1384,410.888;UNI ANESTESIA;FABIUS GS PREMIUM;DRAGER;105000.0;0.0
HCPE-1410,409.653;UNI ANESTESIA;CARESTATION-620;GE HEALTHCARE;117000.0;0.0
HCPE-1572,407.986;UNI ANESTESIA;FABIUS GS PREMIUM;DRAGER;105000.0;0.0
HCPE-1581,407.226;UNI ANESTESIA;FABIUS GS PREMIUM;DRAGER;105000.0;0.0
HCPE-1647,410.332;UNI ANESTESIA;FABIUS GS PREMIUM;DRAGER;105000.0;0.0
HCPE-3104,775.957;UNI ANESTESIA;ATLAN A-300;DRAGER;102713.0;0.0
HCPE-3105,775.958;UNI ANESTESIA;ATLAN A-300;DRAGER;95187.25;10282.37
HCPE-2233,761.301;UNI ANESTESIA;WATO EX-65;MINDRAY;95693.0;0.0
HCPE-1332,408.737;VENTILADOR TRANSPORTE;OXYLOG-3000;DRAGER;0.0;0.0
HCPE-0490,757.896;VENTILADOR TRANSPORTE;OXYLOG-3000;DRAGER;1.0;14476.67
HCPE-0637,409.255;VENTILADOR UTI;INTER-3;INTERMED;0.0;0.0
HCPE-3004;VENTILADOR UTI;SERVO AIR;MAQUET;45000.0;0.0
HCPE-1754,759.975;VENTILADOR UTI;SERVO AIR;MAQUET;44485.5;3285.65
HCPE-1755,759.980;VENTILADOR UTI;SERVO AIR;MAQUET;44485.5;0.0
HCPE-1756,759.986;VENTILADOR UTI;SERVO AIR;MAQUET;44485.5;0.0
HCPE-1758,759.976;VENTILADOR UTI;SERVO AIR;MAQUET;44485.5;3519.58
HCPE-1759,759.981;VENTILADOR UTI;SERVO AIR;MAQUET;44485.5;3519.58
HCPE-1760,759.977;VENTILADOR UTI;SERVO AIR;MAQUET;44485.5;0.0
HCPE-1761,759.979;VENTILADOR UTI;SERVO AIR;MAQUET;44485.5;0.0
HCPE-1762,759.983;VENTILADOR UTI;SERVO AIR;MAQUET;44485.5;4049.53
HCPE-1763,759.982;VENTILADOR UTI;SERVO AIR;MAQUET;44485.5;0.0
HCPE-1764,759.978;VENTILADOR UTI;SERVO AIR;MAQUET;44485.5;0.0
HCPE-1765,759.985;VENTILADOR UTI;SERVO AIR;MAQUET;44485.5;3672.78
HCPE-2667;VENTILADOR UTI;DX-3012;DIXTAL;52000.0;0.0
HCPE-3063,;VENTILADOR UTI;SERVO AIR;MAQUET;23349.05;3602.7
HCPE-1757,759.984;VENTILADOR UTI;SERVO AIR;MAQUET;44485.5;0.0
HCPE-0626,409.252;VENTILADOR UTI;INTER-3;INTERMED;0.0;0.0
HCPE-2256,761.389;VENTILADOR UTI;IX-5;INTERMED;40200.0;9146.79
HCPE-2260,761.390;VENTILADOR UTI;IX-5;INTERMED;40200.0;0.0
HCPE-2486,764.176;VENTILADOR UTI;IX-5;INTERMED;51200.0;12042.35
HCPE-2487,764.151;VENTILADOR UTI;IX-5;INTERMED;51200.0;4156.05
HCPE-2529,765.100;VENTILADOR UTI;BABYLOG VN-500;DRAGER;171979.82;0.0
HCPE-3125,770.394;VENTILADOR UTI;SV-300;MINDRAY;105500.0;0.0
HCPE-2843;VENTILOMETRO;MK8;NSPIRE;15979.97;5750.0
HCPE-3360;WORKSTATION;XELERIS;GE HEALTHCARE;1.0;0.0
HCPE-2772,410.022;WORKSTATION;AW-4.6;GE HEALTHCARE;1.0;0.0
HCPE-1945,6369/2012;WORKSTATION;NX MIXED;AGFA;1.0;2100.0
HCPE-2081;WORKSTATION;SE STANDALONE;AGFA;1.0;0.0
HCPE-2954;WORKSTATION;Z-800;HP;1.0;0.0
