U.S;Código Orgão;Sigla Orgão;O.S;Classe;Data Recebimento da Nota Fiscal;Fornecedor;Custo;Tipo;Marca;Modelo;Identificador (Patrimônio, ID, TAG);Centro Orçamentário;Condição;Modalidade do Contrato;Data Início SE;Data Conclusão SE;Tempo Total SE;Situação SE
HC;5394;UNIBC;24.270;MC;2024-06-12 14:22:10.263000;GUEDES E MELO LTDA;13750;INSUFLADOR LAPAROSCOPIA;KARL STORZ;THERMOFLATOR-264320 20;HCPE-1417,410.343;SETOR DE ENGENHARIA CLÍNCA (CONTRATO);Orçamento;;2024-06-11 10:42:53.674000;2024-06-12 13:39:49.364000;1;Concluído
HC;5394;UNIBC;24.426;MC;2024-07-05 15:21:22.057000;L&C HOSPITALAR;3200;FOCO CIRURGICO;SISMATEC;LED DUPLEX 4-LE M-1-LE;HCPE-2613,;SETOR DE ENGENHARIA CLÍNCA (CONTRATO);Orçamento;;2024-07-05 15:08:38.689000;2024-07-05 15:20:40.617000;0;Concluído
HC;5391;UTI ADULTO;24.47;MC;2024-07-09 14:42:45.335000;RESMEDICAL EQUIPAMENTOS HOSPITALARES LTDA;3519.58;VENTILADOR UTI;MAQUET;SERVO AIR;HCPE-1758,759.976;SETOR DE ENGENHARIA CLÍNCA (CONTRATO);Orçamento;;2024-07-09 14:01:23.055000;2024-07-09 14:42:04.255000;0;Concluído
HC;5391;UTI ADULTO;24.127;MC;2024-07-09 15:01:02.421000;RESMEDICAL EQUIPAMENTOS HOSPITALARES LTDA;3519.58;VENTILADOR UTI;MAQUET;SERVO AIR;HCPE-1759,759.981;SETOR DE ENGENHARIA CLÍNCA (CONTRATO);Orçamento;;2024-04-03 12:01:04.906000;2024-07-09 15:00:33.378000;97;Concluído
HC;5391;UTI ADULTO;24.431;MC;2024-07-09 15:20:40.605000;RESMEDICAL EQUIPAMENTOS HOSPITALARES LTDA;4049.53;VENTILADOR UTI;MAQUET;SERVO AIR;HCPE-1762,759.983;SETOR DE ENGENHARIA CLÍNCA (CONTRATO);Orçamento;;2024-07-09 15:15:23.382000;2024-07-09 15:20:04.973000;0;Concluído
HC;5391;UTI ADULTO;24.432;MC;2024-07-09 15:58:57.026000;RESMEDICAL EQUIPAMENTOS HOSPITALARES LTDA;3602.7;VENTILADOR UTI;MAQUET;SERVO AIR;HCPE-3063,;SETOR DE ENGENHARIA CLÍNCA (CONTRATO);Orçamento;;2024-07-09 15:42:16.407000;2024-07-09 15:58:23.009000;0;Concluído
HC;5391;UTI ADULTO;24.433;MC;2024-07-09 16:12:52.327000;RESMEDICAL EQUIPAMENTOS HOSPITALARES LTDA;3285.65;VENTILADOR UTI;MAQUET;SERVO AIR;HCPE-1754,759.975;SETOR DE ENGENHARIA CLÍNCA (CONTRATO);Orçamento;;2024-07-09 16:08:03.797000;2024-07-09 16:12:28.069000;0;Concluído
HC;5393;UPME;24.535;MC;2024-08-20 14:09:17.827000;VIRTUSMED SERVIÇOS E MANUTENÇÃO DE EQUIPAMENTOS HOSPITALARES LTDA;900;SERRA CIRURGICA OSSEA PNEUMATICA RECIPROCANTE ESTERNO;MACOM;MA-8000;HCPE-3001,;SETOR DE ENGENHARIA CLÍNCA (CONTRATO);Orçamento;;2024-08-20 14:05:33.422000;2024-08-20 14:08:34.045000;0;Concluído
HC;5370;UACAP;24.375;MC;2024-08-20 14:22:18.783000;VALIDASERV SOLUCOES EM VALIDACAO, COMERCIO DE MÁQUINAS E EQUIPAMENTOS LTDA;1750;AUTOCLAVE;PHOENIX LUFERCO;AV-225;HCPE-1275,416.028;SETOR DE ENGENHARIA CLÍNCA (CONTRATO);Orçamento;;2024-07-02 14:50:50.771000;2024-08-20 14:21:44.153000;48;Concluído
HC;5369;UNIDI;24.540;MC;2024-08-21 15:12:24.667000;SUPPORTCARE TECNOLOGIA HOSPITALAR;2100;SIS RADIOGRAFICO FILME;PHILIPS;COMPACTO PLUS;HCPE-1506,760.706,6021/2012;SETOR DE ENGENHARIA CLÍNCA (CONTRATO);Orçamento;;2024-08-21 15:08:03.313000;2024-08-21 15:11:31.341000;0;Concluído
HC;5381;USCV;24.541;MC;2024-08-21 16:25:46.078000;MEDIHELPER SUPORTE TÉCNICO EM BIOTECNOLOGIA LTDA;4142.9;ELETROCARDIOGRAFO;MICROMED;ERGO PC-13;HCPE-2390;SETOR DE ENGENHARIA CLÍNCA (CONTRATO);Orçamento;;2024-08-21 16:10:29.143000;2024-08-21 16:24:55.588000;0;Concluído
HC;5369;UNIDI;24.661;MC;2024-09-18 14:38:00.422000;SUPPORTCARE TECNOLOGIA HOSPITALAR;47000.07;INJETOR MEIO CONTRASTE;BAYER;SPECTRIS SOLARIS EP;HCPE-2105;SETOR DE ENGENHARIA CLÍNCA (CONTRATO);Orçamento;;2024-09-18 14:21:57.873000;2024-09-18 14:37:17.977000;0;Concluído
HC;5369;UNIDI;24.883;MC;2024-10-15 14:26:50.049000;SUPPORTCARE TECNOLOGIA HOSPITALAR;2942.04;RAIO-X;PHILIPS;COMPACTO PLUS-500;HCPE-1505,1576/2011;SETOR DE ENGENHARIA CLÍNCA (CONTRATO);Orçamento;;2024-10-15 14:18:35.607000;2024-10-15 14:25:35.006000;0;Concluído
HC;5391;UTI ADULTO;24.900;MC;2024-10-17 10:07:47.681000;RESMEDICAL EQUIPAMENTOS HOSPITALARES LTDA;3672.78;VENTILADOR UTI;MAQUET;SERVO AIR;HCPE-1765,759.985;SETOR DE ENGENHARIA CLÍNCA (CONTRATO);Orçamento;;2024-10-17 10:02:30.874000;2024-10-17 10:07:14.282000;0;Concluído
HC;5395;UTIPN;24.902;MC;2024-10-17 13:03:24.185000;KESA COMÉRCIO E SERVIÇOS TÉCNICOS LTDA;4156.05;VENTILADOR UTI;INTERMED;IX-5;HCPE-2487,764.151;SETOR DE ENGENHARIA CLÍNCA (CONTRATO);Orçamento;;2024-10-17 12:59:01.687000;2024-10-17 13:02:55.211000;0;Concluído
HC;5369;UNIDI;24.301;MC;2024-10-17 13:14:29.065000;ASSISTEC INSTRUMENTAÇÃO CIENTÍFICA;8843.13;VIDEO GASTROSCOPIO;OLYMPUS;GIF H-170;HCPE-2908,;SETOR DE ENGENHARIA CLÍNCA (CONTRATO);Orçamento;;2024-06-26 13:20:21.027000;2024-10-17 13:13:55.708000;112;Concluído
HC;5369;UNIDI;24.906;MC;2024-10-18 07:40:30.966000;ASSISTEC INSTRUMENTAÇÃO CIENTÍFICA;4432.27;VIDEO GASTROSCOPIO;OLYMPUS;GIF Q-150;HCPE-2048;SETOR DE ENGENHARIA CLÍNCA (CONTRATO);Orçamento;;2024-10-18 07:32:41.597000;2024-10-18 07:38:47.135000;0;Concluído
HC;5370;UACAP;24.859;MC;2024-10-18 07:59:40.524000;MEDSERV EQUIPAMENTOS DESAUDE LTDA;1660;MICROSCOPIO LAB;OLYMPUS;BX-41-TF;HCPE-0224,414.000;SETOR DE ENGENHARIA CLÍNCA (CONTRATO);Orçamento;;2024-10-11 13:50:46.724000;2024-10-18 07:58:31.932000;6;Concluído
HC;5394;UNIBC;24.908;MC;2024-10-18 09:41:12.366000;GUEDES E MELO LTDA;13001.4;MESA CIRURGICA;MAQUET;ALPHASTAR-1132;HCPE-1562,410.890;SETOR DE ENGENHARIA CLÍNCA (CONTRATO);Orçamento;;2024-10-18 09:32:42.647000;2024-10-18 09:40:46.512000;0;Concluído
HC;5369;UNIDI;24.909;MC;2024-10-18 10:24:42.577000;CARLOS A FIGUEIREDO DOS SANTOS MANUTENÇAO DE EQUIPAMENTO;2100;WORKSTATION;AGFA;NX MIXED;HCPE-1945,6369/2012;SETOR DE ENGENHARIA CLÍNCA (CONTRATO);Orçamento;;2024-10-18 10:15:22.974000;2024-10-18 10:24:06.743000;0;Concluído
HC;5385;USU;24.466;MC;2024-10-18 10:58:50.112000;HEMOLAIF EQUIPAMENTOS HOSPITALARES LTDA;1280;REPROCESSADOR DIALISADOR;SAUBERN;QUALITY-1;HCPE-2073;SETOR DE ENGENHARIA CLÍNCA (CONTRATO);Orçamento;;2024-08-20 08:32:19.381000;2024-10-18 10:57:20.472000;59;Concluído
HC;5387;UOH;24.910;MC;2024-10-18 11:08:47.093000;HEMOLAIF EQUIPAMENTOS HOSPITALARES LTDA;1280;REPROCESSADOR DIALISADOR;SAUBERN;QUALITY-1;HCPE-2074;SETOR DE ENGENHARIA CLÍNCA (CONTRATO);Orçamento;;2024-10-18 11:05:53.525000;2024-10-18 11:08:22.724000;0;Concluído
HC;5382;UASM;24.955;MC;2024-10-31 15:01:58.291000;MEDSERV EQUIPAMENTOS DESAUDE LTDA;1800;CENTRIFUGA MICRO-AMOSTRA;EVLAB;EV-024;HCPE-2083,758.213;SETOR DE ENGENHARIA CLÍNCA (CONTRATO);Orçamento;;2024-10-31 14:55:46.042000;2024-10-31 15:01:31.828000;0;Concluído
HC;5386;UCM;24.321;MC;2024-11-19 11:00:05.281000;DCA CONSULTORIA EM VENDAS DE EQUIPAMENTOS MÉDICO HOSPITALARES LTDA;22631.4;ULTRASSOM;SIEMENS;ACUSON S-2000;HCPE-1554,208.332;SETOR DE ENGENHARIA CLÍNCA (CONTRATO);Orçamento;;2024-09-02 08:29:56.235000;2024-11-19 10:58:53.878000;78;Concluído
HC;5392;UR;24.1138;MP;2024-11-19 14:11:53.454000;SOUND MED LAB EQUIPAMENTOS MÉDICOS LTDA;450;CABINE AUDIOMETRIA;REDUSOM;RC-100;HCPE-1739,406.276;SETOR DE ENGENHARIA CLÍNCA (CONTRATO);Orçamento;;2024-11-19 14:00:42.432000;2024-11-19 14:11:20.278000;0;Concluído
HC;5380;UCP;24.1130;MP;2024-11-19 14:33:01.934000;SOUND MED LAB EQUIPAMENTOS MÉDICOS LTDA;450;AUDIOMETRO;INTERACOUSTICS;AC-40;HCPE-1738,406.268;SETOR DE ENGENHARIA CLÍNCA (CONTRATO);Orçamento;;2024-11-18 16:40:40.821000;2024-11-19 14:20:01.433000;0;Concluído
HC;5380;UCP;24.1132;MP;2024-11-19 14:37:49.487000;SOUND MED LAB EQUIPAMENTOS MÉDICOS LTDA;450;IMPEDANCIOMETRO TIMPANOMETRICO;INTERACOUSTICS;AT-235;HCPE-2890,772.955;SETOR DE ENGENHARIA CLÍNCA (CONTRATO);Orçamento;;2024-11-19 13:06:10.926000;2024-11-19 14:19:50.027000;0;Concluído
HC;5392;UR;24.1133;MP;2024-11-19 14:38:07.947000;SOUND MED LAB EQUIPAMENTOS MÉDICOS LTDA;450;IMPEDANCIOMETRO TIMPANOMETRICO;INTERACOUSTICS;TITAN;HCPE-3324,769.383;SETOR DE ENGENHARIA CLÍNCA (CONTRATO);Orçamento;;2024-11-19 13:05:10.772000;2024-11-19 14:17:22.879000;0;Concluído
HC;5380;UCP;24.1131;MP;2024-11-19 14:38:31.658000;SOUND MED LAB EQUIPAMENTOS MÉDICOS LTDA;450;SIS TRIAGEM AUDITIVA RN;INTERACOUSTICS;OTOREAD;HCPE-2889,772.954;SETOR DE ENGENHARIA CLÍNCA (CONTRATO);Orçamento;;2024-11-19 11:49:28.429000;2024-11-19 14:16:17.488000;0;Concluído
HC;5392;UR;24.1139;MP;2024-11-19 14:39:02.705000;SOUND MED LAB EQUIPAMENTOS MÉDICOS LTDA;450;CABINE AUDIOMETRIA;REDUSOM;RC-100;HCPE-1963,406.702;SETOR DE ENGENHARIA CLÍNCA (CONTRATO);Orçamento;;2024-11-19 14:01:07.163000;2024-11-19 14:15:10.907000;0;Concluído
HC;5392;UR;24.1140;MP;2024-11-19 14:39:23.405000;SOUND MED LAB EQUIPAMENTOS MÉDICOS LTDA;450;AUDIOMETRO;OTOMETRICS;MADSEN ITERA II;HCPE-1912,408.239;SETOR DE ENGENHARIA CLÍNCA (CONTRATO);Orçamento;;2024-11-19 14:00:55.599000;2024-11-19 14:13:20.754000;0;Concluído
HC;5393;UPME;24.1148;MC;2024-11-21 08:03:03.303000;TECH RENT LTDA;4351;OPTICA RIGIDA;DOCTUS;J-O230-E;;SETOR DE ENGENHARIA CLÍNCA (CONTRATO);Orçamento;;2024-11-21 07:57:56.773000;2024-11-21 08:02:33.728000;0;Concluído
HC;5386;UCM;24.1151;MC;2024-11-21 08:34:37.791000;ASSISTEC INSTRUMENTAÇÃO CIENTÍFICA;24365.6;VIDEO BRONCOSCOPIO;OLYMPUS;BF P-180;HCPE-2986,770.003;SETOR DE ENGENHARIA CLÍNCA (CONTRATO);Orçamento;;2024-11-21 08:24:58.633000;2024-11-21 08:33:48.657000;0;Concluído
HC;5391;UTI ADULTO;24.643;MC;2024-11-21 09:12:16.112000;DCA CONSULTORIA EM VENDAS DE EQUIPAMENTOS MÉDICO HOSPITALARES LTDA;2600;ULTRASSOM PORTATIL;GE HEALTHCARE;LOGIQ E;HCPE-1733,758.871;SETOR DE ENGENHARIA CLÍNCA (CONTRATO);Orçamento;;2024-09-11 13:58:26.049000;2024-11-21 09:11:44.807000;70;Concluído
HC;5369;UNIDI;24.1154;MP;2024-11-21 10:15:35.886000;SUPPORTCARE TECNOLOGIA HOSPITALAR;1552.4;RAIO-X MOVEL;PHILIPS;TITANIUM-300;HCPE-0584,756.126;SETOR DE ENGENHARIA CLÍNCA (CONTRATO);Orçamento;;2024-11-21 09:46:44.635000;2024-11-21 10:12:47.365000;0;Concluído
HC;5386;UCM;24.1158;MP;2024-11-21 10:17:03.134000;SUPPORTCARE TECNOLOGIA HOSPITALAR;1552.4;RAIO-X MOVEL;PHILIPS;TITANIUM-300;HCPE-1729,759.933;SETOR DE ENGENHARIA CLÍNCA (CONTRATO);Orçamento;;2024-11-21 09:45:58.276000;2024-11-21 10:14:57.011000;0;Concluído
HC;5369;UNIDI;24.1157;MP;2024-11-21 10:18:16.218000;SUPPORTCARE TECNOLOGIA HOSPITALAR;1552.4;SIS RADIOGRAFICO FILME;PHILIPS;COMPACTO PLUS;HCPE-1506,760.706,6021/2012;SETOR DE ENGENHARIA CLÍNCA (CONTRATO);Orçamento;;2024-11-21 09:46:07.708000;2024-11-21 10:14:47.814000;0;Concluído
HC;5369;UNIDI;24.1155;MP;2024-11-21 10:18:59.121000;SUPPORTCARE TECNOLOGIA HOSPITALAR;1552.4;RAIO-X MOVEL;PHILIPS;TITANIUM-300;HCPE-0463,410.851;SETOR DE ENGENHARIA CLÍNCA (CONTRATO);Orçamento;;2024-11-21 09:46:32.747000;2024-11-21 10:12:36.058000;0;Concluído
HC;5369;UNIDI;24.1156;MP;2024-11-21 10:19:37.355000;SUPPORTCARE TECNOLOGIA HOSPITALAR;1552.4;RAIO-X;PHILIPS;COMPACTO PLUS-500;HCPE-1505,1576/2011;SETOR DE ENGENHARIA CLÍNCA (CONTRATO);Orçamento;;2024-11-21 09:46:20.833000;2024-11-21 10:13:14.743000;0;Concluído
HC;5395;UTIPN;24.248;MC;2024-12-13 11:33:51.048000;MEDICAL COMERCIO EQUIPAMENTO MEDICOS LTDA;8351.2;INCUBADORA RN MOVEL;FANEM;DUETTO-2386;HCPE-2277,761.254;SETOR DE ENGENHARIA CLÍNCA (CONTRATO);Orçamento;;2024-12-13 11:25:51.597000;2024-12-13 11:33:21.248000;0;Concluído
HC;5369;UNIDI;24.1240;MC;2024-12-13 14:11:43.804000;ASSISTEC INSTRUMENTAÇÃO CIENTÍFICA;7476.07;VIDEO GASTROSCOPIO;OLYMPUS;GIF Q-150;HCPE-1684;SETOR DE ENGENHARIA CLÍNCA (CONTRATO);Orçamento;;2024-12-10 11:32:13.128000;2024-12-13 14:11:03.478000;3;Concluído
HC;5369;UNIDI;24.1253;MC;2024-12-13 14:43:09.881000;CRM MEDICAL;7950;VIDEO GASTROSCOPIO;FUJINON;EG-530-WR;HCPE-2284,;SETOR DE ENGENHARIA CLÍNCA (CONTRATO);Orçamento;;2024-12-13 14:34:23.297000;2024-12-13 14:42:07.498000;0;Concluído
HC;5394;UNIBC;24.1255;MC;2024-12-13 16:05:42.507000;ASTATO ASSISTENCIA TÉCNICA LTDA;5060;OPTICA RIGIDA;KARL STORZ;27301-BA;;SETOR DE ENGENHARIA CLÍNCA (CONTRATO);Orçamento;;2024-12-13 15:58:46.438000;2024-12-13 16:05:14.908000;0;Concluído
HC;5369;UNIDI;24.310;MC;2025-01-15 13:49:31.076000;CRM MEDICAL;6156;VIDEO GASTROSCOPIO;FUJINON;EG-530-UR-2;HCPE-3400,;SETOR DE ENGENHARIA CLÍNCA (CONTRATO);Orçamento;;2024-06-26 08:52:02.263000;2025-01-15 13:48:56.147000;203;Concluído
HC;5391;UTI ADULTO;24.106;MC;2025-01-15 14:34:24.834000;DRAGER INDUSTRIA E COMERCIO LTDA.;1190;VENTILADOR TRANSPORTE;DRAGER;OXYLOG-3000;HCPE-0490,757.896;SETOR DE ENGENHARIA CLÍNCA (CONTRATO);Orçamento;;2024-03-27 11:32:01.231000;2025-01-15 14:33:44.459000;294;Concluído
HC;5394;UNIBC;25.90;MC;2025-01-15 15:11:14.118000;DRAGER INDUSTRIA E COMERCIO LTDA.;1261;UNI ANESTESIA;DRAGER;ATLAN A-300;HCPE-3105,775.958;SETOR DE ENGENHARIA CLÍNCA (CONTRATO);Orçamento;;2025-01-15 15:05:19.975000;2025-01-15 15:07:42.904000;0;Concluído
HC;5370;UACAP;25.91;MC;2025-01-15 15:53:48.001000;LAB SERVIÇOS LTDA;18840;MICROSCOPIO LAB;;;;SETOR DE ENGENHARIA CLÍNCA (CONTRATO);Orçamento;;2025-01-15 15:33:40.794000;2025-01-15 15:53:01.984000;0;Concluído
HC;5393;UPME;25.95;MC;2025-01-16 10:51:37.817000;BM COMÉRCIO E SERVIÇOS DE EQUIPAMENTOS MEDICOS HOSPITALARES LTDA ME;1310;AUTOCLAVE GRANDE PORTE;BAUMER;HI VAC-2;HCPE-0904,759.959;SETOR DE ENGENHARIA CLÍNCA (CONTRATO);Orçamento;;2025-01-16 10:39:20.654000;2025-01-16 10:50:51.545000;0;Concluído
HC;5393;UPME;25.96;MC;2025-01-16 11:03:15.906000;BM COMÉRCIO E SERVIÇOS DE EQUIPAMENTOS MEDICOS HOSPITALARES LTDA ME;700;AUTOCLAVE GRANDE PORTE;BAUMER;HI VAC-2;HCPE-0904,759.959;SETOR DE ENGENHARIA CLÍNCA (CONTRATO);Orçamento;;2025-01-16 10:54:43.228000;2025-01-16 11:02:30.389000;0;Concluído
HC;5393;UPME;25.45;MC;2025-01-24 07:46:39.909000;CISABRASILE LTDA;16670;AUTOCLAVE GRANDE PORTE;CISA BRASILE;6410;HCPE-0905,409.647;SETOR DE ENGENHARIA CLÍNCA (CONTRATO);Orçamento;;2025-01-07 14:18:41.616000;2025-01-24 07:43:51.891000;16;Concluído
HC;5395;UTIPN;24.793;MC;2025-02-17 13:37:59.702000;KESA COMÉRCIO E SERVIÇOS TÉCNICOS LTDA;9146.79;VENTILADOR UTI;INTERMED;IX-5;HCPE-2256,761.389;SETOR DE ENGENHARIA CLÍNCA (CONTRATO);Orçamento;;2024-10-17 12:54:10.894000;2025-02-17 13:37:32.885000;123;Concluído
HC;5370;UACAP;24.1245;MC;2025-02-18 15:17:13.133000;VALIDASERV SOLUCOES EM VALIDACAO, COMERCIO DE MÁQUINAS E EQUIPAMENTOS LTDA;1750;AUTOCLAVE;PHOENIX LUFERCO;AV-225;HCPE-1275,416.028;SETOR DE ENGENHARIA CLÍNCA (CONTRATO);Orçamento;;2025-02-17 15:22:48.564000;2025-02-18 15:16:29.382000;0;Concluído
HC;5369;UNIDI;25.169;MC;2025-03-11 16:13:43.412000;RESMEDICAL EQUIPAMENTOS HOSPITALARES LTDA;8025.79;UNI ANESTESIA;GE HEALTHCARE;9100-C NXT;HCPE-2572,771.153;SETOR DE ENGENHARIA CLÍNCA (CONTRATO);Orçamento;;2025-03-11 16:07:31.914000;2025-03-11 16:12:34.134000;0;Concluído
HC;5391;UTI ADULTO;24.106;MC;2025-03-21 08:30:12.755000;DRAGER INDUSTRIA E COMERCIO LTDA.;13286.67;VENTILADOR TRANSPORTE;DRAGER;OXYLOG-3000;HCPE-0490,757.896;SETOR DE ENGENHARIA CLÍNCA (CONTRATO);Orçamento;;2025-01-15 14:34:24.856000;2025-03-21 08:29:33.168000;64;Concluído
HC;5394;UNIBC;25.90;MC;2025-03-21 08:37:30.295000;DRAGER INDUSTRIA E COMERCIO LTDA.;9021.37;UNI ANESTESIA;DRAGER;ATLAN A-300;HCPE-3105,775.958;SETOR DE ENGENHARIA CLÍNCA (CONTRATO);Orçamento;;2025-01-15 15:11:14.138000;2025-03-21 08:36:48.676000;64;Concluído
HC;5395;UTIPN;24.57;MC;2025-03-21 09:20:11.182000;MEDICAL COMERCIO EQUIPAMENTO MEDICOS LTDA;7998;INCUBADORA RN MOVEL;FANEM;DUETTO-2386;HCPE-2278,761.255;SETOR DE ENGENHARIA CLÍNCA (CONTRATO);Orçamento;;2025-03-21 08:45:41.813000;2025-03-21 08:52:12.829000;0;Concluído
HC;5356;UP;24.782;MC;2025-04-22 16:18:42.072000;J & M BALANÇAS LTDA - ME;350;BALANCA PACIENTE PLATAFORMA ELETRONICA;LIDER;LD-1050;HCPE-2043,760.602;SETOR DE ENGENHARIA CLÍNCA (CONTRATO);Orçamento;;2024-10-03 12:00:54.911000;2025-04-22 16:18:08.084000;201;Concluído
HC;5406;UASCA;24.634;MC;2025-04-22 16:34:28.086000;J & M BALANÇAS LTDA - ME;180;BALANCA PACIENTE INFANTIL ELETRONICA;FILIZOLA;BP BABY;HCPE-2177,406.529;SETOR DE ENGENHARIA CLÍNCA (CONTRATO);Orçamento;;2025-04-14 11:53:55.303000;2025-04-22 16:25:38.808000;8;Concluído
HC;5387;UOH;25.907;MC;2025-04-25 10:13:05.252000;A P A BRANDÃO JUNIOR EIRELI;3990;REFRIGERADOR BANCO SANGUE;INDREL;BSG-05-EDGR;HCPE-1024,413.053,02505-2006;SETOR DE ENGENHARIA CLÍNCA (CONTRATO);Orçamento;;2025-04-24 16:39:23.045000;2025-04-25 10:11:56.576000;0;Concluído
HC;5369;UNIDI;25.1206;MC;2025-05-26 14:50:06.441000;ASSISTEC INSTRUMENTAÇÃO CIENTÍFICA;7810;VIDEO GASTROSCOPIO;OLYMPUS;GIF Q-150;HCPE-1608;SETOR DE ENGENHARIA CLÍNCA (CONTRATO);Orçamento;;2025-05-26 14:35:15.676000;2025-05-26 14:49:38.703000;0;Concluído
HC;5393;UPME;25.596;MC;2025-07-11 10:05:17.989000;BM COMÉRCIO E SERVIÇOS DE EQUIPAMENTOS MEDICOS HOSPITALARES LTDA ME;4950;AUTOCLAVE GRANDE PORTE;BAUMER;HI VAC-2;HCPE-0904,759.959;SETOR DE ENGENHARIA CLÍNCA (CONTRATO);Orçamento;;2025-03-24 16:37:14.748000;2025-06-09 10:53:18.402000;76;Concluído
HC;5391;UTI ADULTO;24.160;MC;2025-07-15 15:09:08.203000;AAMED COMÉRCIO DE EQUIPAMENTOS EIRELI;5750;VENTILOMETRO;NSPIRE;MK8;HCPE-2843;SETOR DE ENGENHARIA CLÍNCA (CONTRATO);Orçamento;;2024-04-22 09:11:17.576000;2025-07-15 15:07:59.792000;449;Concluído
HC;5369;UNIDI;25.86;MC;2025-07-25 15:34:31.598000;SHIMADZU DO BRASIL COMÉRCIO LTDA;15420;RAIO-X MOVEL;SHIMADZU;MOBILEART EVOLUTION;HCPE-1901,760.292;SETOR DE ENGENHARIA CLÍNCA (CONTRATO);Orçamento;;2025-01-15 13:23:57.432000;2025-07-25 15:31:21.241000;191;Concluído
HC;5395;UTIPN;24.790;MC;2025-07-31 11:10:46.205000;MEDICAL COMERCIO EQUIPAMENTO MEDICOS LTDA;6123;INCUBADORA RN MOVEL;FANEM;DUETTO-2386;HCPE-2599,771.621;SETOR DE ENGENHARIA CLÍNCA (CONTRATO);Orçamento;;2025-07-31 11:04:46.112000;2025-07-31 11:09:55.876000;0;Concluído
HC;5395;UTIPN;24.192;MC;2025-07-31 12:10:29.667000;MEDICALMED REPRESENTACOES, IMPORTACAO E EXPORTACAO DE PRODUT;12563.2;INCUBADORA RN MOVEL;FANEM;DUETTO-2386;HCPE-2276,761.256;SETOR DE ENGENHARIA CLÍNCA (CONTRATO);Orçamento;;2024-05-07 12:22:38.556000;2025-07-31 12:10:01.591000;449;Concluído
HC;5395;UTIPN;24.1010;MC;2025-07-31 14:08:44.627000;MEDICAL COMERCIO EQUIPAMENTO MEDICOS LTDA;7480;INCUBADORA RN MOVEL;FANEM;DUETTO-2386;HCPE-2601,771.624;SETOR DE ENGENHARIA CLÍNCA (CONTRATO);Orçamento;;2025-07-31 14:04:14.192000;2025-07-31 14:07:24.465000;0;Concluído
HC;5382;UASM;25.1850;MC;2025-07-31 14:52:19.037000;MEDICAL COMERCIO EQUIPAMENTO MEDICOS LTDA;4456;INCUBADORA RN TRANSPORTE;FANEM;IT-158-TS;HCPE-1311,407.202;SETOR DE ENGENHARIA CLÍNCA (CONTRATO);Orçamento;;2025-07-31 14:34:56.664000;2025-07-31 14:51:52.137000;0;Concluído
HC;5394;UNIBC;25.1854;MC;2025-07-31 16:12:15.884000;GUEDES E MELO LTDA;18750;ASPIRADOR/IRRIGADOR LAPAROSCOPIA;KARL STORZ;HAMOU ENDOMAT-263310 20;HCPE-1587,407.926;SETOR DE ENGENHARIA CLÍNCA (CONTRATO);Orçamento;;2025-07-31 16:01:28.611000;2025-07-31 16:08:30.391000;0;Concluído
HC;5387;UOH;25.360;MP;2025-10-02 15:40:43.981000;FRESENIUS MEDICAL CARE LTDA;792;REPROCESSADOR DIALISADOR;SAUBERN;QUALITY-1;HCPE-2074;SETOR DE ENGENHARIA CLÍNCA (CONTRATO);Orçamento;;2025-10-02 15:30:52.514000;2025-10-02 15:39:28.039000;0;Concluído
HC;5385;USU;25.361;MP;2025-10-02 15:48:10.288000;FRESENIUS MEDICAL CARE LTDA;792;REPROCESSADOR DIALISADOR;SAUBERN;QUALITY-1;HCPE-2073;SETOR DE ENGENHARIA CLÍNCA (CONTRATO);Orçamento;;2025-10-02 15:32:00.477000;2025-10-02 15:47:43.651000;0;Concluído
HC;5405;SENC;25.2653;MC;2025-10-02 16:22:07.702000;A P A BRANDÃO JUNIOR EIRELI;3990;REFRIGERADOR BANCO SANGUE;INDREL;RVV-440-D;769.898;SETOR DE ENGENHARIA CLÍNCA (CONTRATO);Orçamento;;2025-10-02 16:17:35.642000;2025-10-02 16:21:40.965000;0;Concluído
HC;5387;UOH;25.2656;MC;2025-10-02 16:38:51.396000;FRESENIUS MEDICAL CARE LTDA;528;REPROCESSADOR DIALISADOR;SAUBERN;QUALITY-1;HCPE-2074;SETOR DE ENGENHARIA CLÍNCA (CONTRATO);Orçamento;;2025-10-02 16:34:43.001000;2025-10-02 16:38:22.985000;0;Concluído
HC;5394;UNIBC;25.2658;MC;2025-10-03 08:24:32.849000;GUEDES E MELO LTDA;17000;MESA CIRURGICA;MAQUET;ALPHASTAR-1132;HCPE-2203,410.328;SETOR DE ENGENHARIA CLÍNCA (CONTRATO);Orçamento;;2025-10-03 08:19:07.163000;2025-10-03 08:23:32.055000;0;Concluído
HC;5391;UTI ADULTO;25.229;MC;2025-10-03 08:51:50.949000;DCA CONSULTORIA EM VENDAS DE EQUIPAMENTOS MÉDICO HOSPITALARES LTDA;6000;ULTRASSOM PORTATIL;GE HEALTHCARE;LOGIQ E;HCPE-1733,758.871;SETOR DE ENGENHARIA CLÍNCA (CONTRATO);Orçamento;;2025-02-06 07:48:38.008000;2025-10-03 08:50:46.098000;239;Concluído
HC;5391;UTI ADULTO;25.2659;MC;2025-10-03 09:12:19.982000;RMJ MEDICAL;245;LASER DIODO TERAPIA FOTODINAMICO;DMC;THERAPY EC;;SETOR DE ENGENHARIA CLÍNCA (CONTRATO);Orçamento;;2025-10-03 09:05:18.654000;2025-10-03 09:11:49.846000;0;Concluído
HC;5380;UCP;25.2663;MC;2025-10-03 10:32:42.569000;NEW VISION OPHTHALMIC SOLUTIONS;1650;SUPORTE;;;;SETOR DE ENGENHARIA CLÍNCA (CONTRATO);Orçamento;;2025-10-03 10:25:21.492000;2025-10-03 10:32:13.923000;0;Concluído
HC;5391;UTI ADULTO;25.2839;MC;2025-10-21 10:48:02.142000;FR REPRESENTAÇÕES E COMERCIO DE PRODUTOS MEDICOS LTDA;3549.1;DESFIBRILADOR-CARDIOVERSOR;INSTRAMED;DUALMAX;HCPE-2979,770.066;SETOR DE ENGENHARIA CLÍNCA (CONTRATO);Orçamento;;2025-10-21 10:18:55.097000;2025-10-21 10:47:24.046000;0;Concluído
HC;5394;UNIBC;25.2360;MC;2025-10-21 11:11:19.179000;TECH RENT LTDA;13000;FONTE LUZ FIBRA OPTICA ENDOSCOPIO RIGIDO MULTIUSO;KARL STORZ;XENON-300 201331 20;HCPE-1585,407.927;SETOR DE ENGENHARIA CLÍNCA (CONTRATO);Orçamento;;2025-10-21 10:57:40.824000;2025-10-21 11:10:46.088000;0;Concluído
HC;5369;UNIDI;25.2070;MC;2025-10-23 13:35:12.278000;KENDOS TECH ASSISTENCIA TECNICA LTDA;11199.24;VIDEO GASTROSCOPIO;OLYMPUS;GIF Q-150;HCPE-1608;SETOR DE ENGENHARIA CLÍNCA (CONTRATO);Orçamento;;2025-08-21 08:18:00.171000;2025-10-23 13:31:34.558000;63;Concluído
HC;5369;UNIDI;25.2071;MC;2025-10-31 09:04:15.662000;KENDOS TECH ASSISTENCIA TECNICA LTDA;11199.24;VIDEO GASTROSCOPIO;OLYMPUS;GIF Q-150;HCPE-1746;SETOR DE ENGENHARIA CLÍNCA (CONTRATO);Orçamento;;2025-08-21 08:15:53.524000;2025-10-31 09:00:52.026000;71;Concluído
HC;5369;UNIDI;25.2965;MC;2025-11-03 11:25:49.846000;OLYMPUS OPTICAL DO BRASIL LTDA;0.01;VIDEO COLONOSCOPIO;OLYMPUS;CF H-170-L;HCPE-2871,;SETOR DE ENGENHARIA CLÍNCA (CONTRATO);Orçamento;;2025-11-03 11:00:31.974000;2025-11-03 11:13:35.439000;0;Concluído
HC;5395;UTIPN;25.606;MC;2025-11-11 11:14:22.674000;KESA COMÉRCIO E SERVIÇOS TÉCNICOS LTDA;12042.35;VENTILADOR UTI;INTERMED;IX-5;HCPE-2486,764.176;SETOR DE ENGENHARIA CLÍNCA (CONTRATO);Orçamento;;2025-10-03 11:46:37.673000;2025-11-11 11:13:37.216000;38;Concluído
HC;5369;UNIDI;25.92;MC;;GE HEALTHCARE DO BRASIL COMERCIO E SERVICOS PARA EQUIPAMENTOS MEDICO-HOSPITALARES LTDA;;GAMA CAMARA SPECT CT;GE HEALTHCARE;DISCOVERY NM-630-SPECT;HCPE-3037;;Garantia;;2025-01-16 09:05:48.043000;2025-05-26 16:45:53.772000;130;Concluído
HC;5382;UASM;24.207;MP;;FANEM LTDA;;BERCO AQUECIDO;FANEM;2085;HCPE-3642;;Garantia;;2024-05-13 13:16:33.982000;2024-05-16 11:24:31.263000;2;Concluído
HC;5385;USU;25.14;MC;;FRESENIUS MEDICAL CARE LTDA;;UNI HEMODIALISE;FRESENIUS MEDICAL CARE;4008-S;HCPE-0708,407.611;;Contrato;Valor Fixo;2025-01-06 09:03:15.619000;2025-01-14 08:24:15.401000;7;Concluído
HC;5380;UCP;24.26;MC;;CARL ZEISS DO BRASIL LTDA;;CAMPIMETRO;CARL ZEISS;HFA-3840;HCPE-3396,769.384;;Garantia;;2024-08-26 09:48:16.321000;2024-12-20 09:56:17.842000;116;Concluído
HC;5385;USU;25.2366;MP;;FRESENIUS MEDICAL CARE LTDA;;UNI HEMODIALISE;FRESENIUS MEDICAL CARE;4008-S;HCPE-0712,407.072;;Garantia;;2025-09-09 11:34:55.257000;2025-09-09 11:54:02.382000;0;Concluído
HC;5391;UTI ADULTO;25.17;MC;;FRESENIUS MEDICAL CARE LTDA;;UNI HEMODIALISE;FRESENIUS MEDICAL CARE;4008-S;HCPE-0628,;;Contrato;Valor Fixo;2025-01-06 08:57:59.997000;2025-01-14 08:20:43.601000;7;Concluído
HC;5385;USU;25.758;MC;;FRESENIUS MEDICAL CARE LTDA;;UNI HEMODIALISE;FRESENIUS MEDICAL CARE;4008-S;HCPE-0711,407.070;;Contrato;Valor Fixo;2025-04-07 09:01:26.016000;2025-06-12 15:32:59.272000;66;Concluído
HC;5369;UNIDI;24.1240;MC;;ASSISTEC INSTRUMENTAÇÃO CIENTÍFICA;;VIDEO GASTROSCOPIO;OLYMPUS;GIF Q-150;HCPE-1684;;Garantia;;2024-12-13 14:19:34.854000;2025-01-22 08:28:38.736000;39;Concluído
HC;5385;USU;25.2977;MC;;FRESENIUS MEDICAL CARE LTDA;;UNI HEMODIALISE;FRESENIUS MEDICAL CARE;4008-S;HCPE-0727,407.046;;Garantia;;2025-11-04 14:46:04.408000;2025-11-07 07:38:32.283000;2;Concluído
HC;5405;SENC;24.101;MC;;ALLIANCE MEDINFUSION LTDA;;BOMBA INFUSAO USO GERAL;SAMTRONIC;ST-1000;HCPE-0183;;Garantia;;2024-04-01 10:33:01.655000;2024-08-14 10:56:15.941000;135;Concluído
HC;5405;SENC;24.553;MC;;ALLIANCE MEDINFUSION LTDA;;BOMBA INFUSAO USO GERAL;SAMTRONIC;ST-1000;HCPE-0185;;Garantia;;2024-09-13 11:42:29.263000;;;Cancelado
HC;5405;SENC;24.150;MC;;ALLIANCE MEDINFUSION LTDA;;BOMBA INFUSAO USO GERAL;SAMTRONIC;ST-1000;HCPE-0257;;Garantia;;2024-04-19 09:35:08.565000;2024-08-14 11:27:37.174000;117;Concluído
HC;5385;USU;24.313;MC;;FRESENIUS MEDICAL CARE LTDA;;UNI HEMODIALISE;FRESENIUS MEDICAL CARE;4008-S;HCPE-1653,760.775;;Contrato;Valor Fixo;2024-06-26 09:12:20.095000;2024-08-09 11:25:24.373000;44;Concluído
HC;5405;SENC;24.144;MC;;ALLIANCE MEDINFUSION LTDA;;BOMBA INFUSAO USO GERAL;SAMTRONIC;ST-1000;HCPE-0455;;Garantia;;2024-04-19 09:19:52.709000;2024-08-14 10:12:06.641000;117;Concluído
HC;5405;SENC;24.1036;MC;;ALLIANCE MEDINFUSION LTDA;;BOMBA INFUSAO USO GERAL;SAMTRONIC;ST-1000;HCPE-1430;;Garantia;;2024-11-12 12:29:10.183000;2024-11-12 12:37:49.293000;0;Concluído
HC;5405;SENC;24.142;MC;;ALLIANCE MEDINFUSION LTDA;;BOMBA INFUSAO USO GERAL;SAMTRONIC;ST-1000;HCPE-0444;;Garantia;;2024-04-19 09:13:24.119000;2024-08-14 11:22:55.011000;117;Concluído
HC;5385;USU;24.567;MC;;FRESENIUS MEDICAL CARE LTDA;;UNI HEMODIALISE;FRESENIUS MEDICAL CARE;4008-S;HCPE-0710,407.041;;Contrato;Valor Fixo;2024-09-10 14:18:27.102000;2024-10-24 11:35:47.112000;43;Concluído
HC;5385;USU;25.2262;MC;;FRESENIUS MEDICAL CARE LTDA;;UNI HEMODIALISE;FRESENIUS MEDICAL CARE;4008-S;HCPE-0712,407.072;;Garantia;;2025-09-01 09:31:33.498000;2025-09-09 08:06:11.854000;7;Concluído
HC;5405;SENC;24.726;MC;;ALLIANCE MEDINFUSION LTDA;;BOMBA INFUSAO USO GERAL;SAMTRONIC;ST-1000;HCPE-2673;;Garantia;;2024-10-10 14:40:44.267000;2024-10-25 08:37:46.747000;14;Concluído
HC;5385;USU;24.692;MC;;FRESENIUS MEDICAL CARE LTDA;;UNI HEMODIALISE;FRESENIUS MEDICAL CARE;4008-S;HCPE-0727,407.046;;Contrato;Valor Fixo;2024-09-25 08:37:29.758000;2024-10-14 14:10:39.907000;19;Concluído
HC;5385;USU;25.125;MC;;FRESENIUS MEDICAL CARE LTDA;;UNI HEMODIALISE;FRESENIUS MEDICAL CARE;4008-S;HCPE-0712,407.072;;Contrato;Valor Fixo;2025-01-23 08:56:36.131000;2025-04-03 11:59:21.768000;70;Concluído
HC;5385;USU;25.2403;MC;;FRESENIUS MEDICAL CARE LTDA;;UNI HEMODIALISE;FRESENIUS MEDICAL CARE;4008-S;HCPE-0727,407.046;;Contrato;Valor Fixo;2025-09-15 08:31:47.291000;2025-09-19 08:37:08.647000;4;Concluído
HC;5369;UNIDI;24.836;MC;;GE HEALTHCARE DO BRASIL COMERCIO E SERVICOS PARA EQUIPAMENTOS MEDICO-HOSPITALARES LTDA;;RESSONANCIA MAGNETICA;GE HEALTHCARE;SIGNA HDI;HCPE-0914,;;Garantia;;2024-10-10 16:50:00.142000;2024-10-14 16:01:21.024000;3;Concluído
HC;5369;UNIDI;25.1066;MC;;CRM MEDICAL;;ARMARIO ARMAZENAMENTO ENDOSCOPIO;ATEMOH;ENDO GUARD STERILIZED;HCPE-3740;;Garantia;;2025-05-13 11:23:11.138000;2025-05-13 15:52:57.972000;0;Concluído
HC;5405;SENC;24.60;MC;;ALLIANCE MEDINFUSION LTDA;;BOMBA INFUSAO USO GERAL;SAMTRONIC;ST-1000;HCPE-0427;;Garantia;;2024-04-01 10:02:54.245000;2024-08-14 10:53:39.764000;135;Concluído
HC;5385;USU;25.2367;MP;;FRESENIUS MEDICAL CARE LTDA;;UNI HEMODIALISE;FRESENIUS MEDICAL CARE;4008-S;HCPE-0708,407.611;;Garantia;;2025-09-09 11:42:05.059000;2025-09-09 11:44:59.337000;0;Concluído
HC;5405;SENC;24.638;MC;;ALLIANCE MEDINFUSION LTDA;;BOMBA INFUSAO USO GERAL;SAMTRONIC;ST-1000;HCPE-0368;;Garantia;;2024-09-13 11:50:00.529000;;;Cancelado
HC;5405;SENC;24.966;MC;;ALLIANCE MEDINFUSION LTDA;;BOMBA INFUSAO USO GERAL;SAMTRONIC;ST-1000;HCPE-0039;;Garantia;;2024-11-01 09:25:09.264000;2024-11-18 10:22:54.795000;17;Concluído
HC;5385;USU;25.2086;MC;;FRESENIUS MEDICAL CARE LTDA;;UNI HEMODIALISE;FRESENIUS MEDICAL CARE;4008-S V-10;HCPE-3832;;Garantia;;2025-08-21 08:23:55.445000;2025-08-25 09:44:41.572000;4;Concluído
HC;5365;NCE;24.936;MC;;ALLIANCE MEDINFUSION LTDA;;BOMBA INFUSAO USO GERAL;SAMTRONIC;ST-1000;HCPE-2356;;Garantia;;2024-11-01 09:18:54.992000;2024-11-18 10:36:41.775000;17;Concluído
HC;5405;SENC;24.130;MC;;ALLIANCE MEDINFUSION LTDA;;BOMBA INFUSAO USO GERAL;SAMTRONIC;ST-1000;HCPE-0268;;Garantia;;2024-04-19 09:38:55.548000;2024-08-14 11:21:43.752000;117;Concluído
HC;5405;SENC;24.918;MC;;ALLIANCE MEDINFUSION LTDA;;BOMBA INFUSAO USO GERAL;SAMTRONIC;ST-1000;HCPE-2181;;Garantia;;2024-10-24 11:09:38.071000;2024-11-18 10:24:03.339000;24;Concluído
HC;5385;USU;25.2263;MC;;FRESENIUS MEDICAL CARE LTDA;;UNI HEMODIALISE;FRESENIUS MEDICAL CARE;4008-S;HCPE-0731,407.612;;Garantia;;2025-09-01 09:33:33.665000;2025-09-09 08:10:33.363000;7;Concluído
HC;5385;USU;25.28;MC;;FRESENIUS MEDICAL CARE LTDA;;UNI HEMODIALISE;FRESENIUS MEDICAL CARE;4008-S V-10;HCPE-3655,;;Garantia;;2025-01-08 16:23:50.557000;2025-01-08 16:24:44.817000;0;Concluído
HC;5365;NCE;24.937;MC;;ALLIANCE MEDINFUSION LTDA;;BOMBA INFUSAO USO GERAL;SAMTRONIC;ST-1000;HCPE-2559;;Garantia;;2024-11-01 09:17:44.648000;2024-11-18 10:24:47.047000;17;Concluído
HC;5405;SENC;24.1040;MC;;ALLIANCE MEDINFUSION LTDA;;BOMBA INFUSAO USO GERAL;SAMTRONIC;ST-1000;HCPE-0868;;Garantia;;2024-11-12 12:29:48.551000;2024-11-12 12:37:07.122000;0;Concluído
HC;5385;USU;25.56;MC;;FRESENIUS MEDICAL CARE LTDA;;UNI HEMODIALISE;FRESENIUS MEDICAL CARE;4008-S;HCPE-0715,407.610;;Contrato;Valor Fixo;2025-01-09 09:15:18.115000;2025-01-14 08:27:47.279000;4;Concluído
HC;5394;UNIBC;25.2430;MC;;VIRTUSMED SERVIÇOS E MANUTENÇÃO DE EQUIPAMENTOS HOSPITALARES LTDA;;SUPORTE;;;;;Garantia;;2025-09-18 16:28:15.539000;2025-09-23 10:21:18.829000;4;Concluído
HC;5385;USU;25.2770;MC;;FRESENIUS MEDICAL CARE LTDA;;UNI HEMODIALISE;FRESENIUS MEDICAL CARE;4008-S;HCPE-1657,;;Garantia;;2025-10-15 07:25:21.476000;2025-10-21 12:42:14.224000;6;Concluído
HC;5369;UNIDI;25.2498;MC;;GE HEALTHCARE DO BRASIL COMERCIO E SERVICOS PARA EQUIPAMENTOS MEDICO-HOSPITALARES LTDA;;PET CT;GE HEALTHCARE;DISCOVERY;HCPE-1344,417.828;;Garantia;;2025-09-23 15:31:12.164000;2025-09-23 15:36:25.482000;0;Concluído
HC;5395;UTIPN;24.587;MP;;ALLIANCE MEDINFUSION LTDA;;BOMBA INFUSAO SERINGA;SAMTRONIC;ST-7000;HCPE-0609;;Garantia;;2024-08-28 10:39:11.077000;2024-08-28 10:40:08.754000;0;Concluído
HC;5385;USU;25.240;MC;;FRESENIUS MEDICAL CARE LTDA;;UNI HEMODIALISE;FRESENIUS MEDICAL CARE;4008-S;HCPE-1655;;Contrato;Valor Fixo;2025-02-06 08:05:09.576000;2025-04-03 11:56:21.284000;56;Concluído
HC;5405;SENC;24.554;MC;;ALLIANCE MEDINFUSION LTDA;;BOMBA INFUSAO USO GERAL;SAMTRONIC;ST-1000;HCPE-1438;;Garantia;;2024-09-13 11:44:55.629000;;;Cancelado
HC;5369;UNIDI;25.526;MC;;UNIVEN LTDA;;IMPRESSORA LASER;FUJIFILM;DPX-8000;COM-UNIVEN-4;;Garantia;;2025-03-13 14:46:23.797000;2025-03-18 15:40:41.723000;5;Concluído
HC;5369;UNIDI;25.1498;MC;;GE HEALTHCARE DO BRASIL COMERCIO E SERVICOS PARA EQUIPAMENTOS MEDICO-HOSPITALARES LTDA;;ULTRASSOM;GE HEALTHCARE;VERSANA PREMIER;HCPE-3090,770.862;;Garantia;;2025-06-25 12:27:08.053000;2025-08-22 10:02:01.061000;57;Concluído
HC;5391;UTI ADULTO;24.671;MC;;FRESENIUS MEDICAL CARE LTDA;;UNI HEMODIALISE;FRESENIUS MEDICAL CARE;4008-S;HCPE-0628,;;Contrato;Valor Fixo;2024-09-19 16:54:21.545000;2024-10-24 11:26:12.552000;34;Concluído
HC;5385;USU;25.2053;MC;;FRESENIUS MEDICAL CARE LTDA;;UNI HEMODIALISE;FRESENIUS MEDICAL CARE;4008-S V-10;HCPE-3654,;;Garantia;;2025-08-19 08:45:59.418000;2025-10-31 09:32:26.294000;73;Concluído
HC;5369;UNIDI;25.186;MC;;GE HEALTHCARE DO BRASIL COMERCIO E SERVICOS PARA EQUIPAMENTOS MEDICO-HOSPITALARES LTDA;;PET CT;GE HEALTHCARE;DISCOVERY;HCPE-1344,417.828;;Garantia;;2025-01-31 08:53:37.079000;2025-05-28 12:43:35.068000;117;Concluído
HC;5385;USU;25.1782;MC;;FRESENIUS MEDICAL CARE LTDA;;UNI HEMODIALISE;FRESENIUS MEDICAL CARE;4008-S V-10;HCPE-3655,;;Garantia;;2025-07-25 13:57:34.044000;2025-08-19 08:39:19.687000;24;Concluído
HC;5385;USU;25.760;MC;;FRESENIUS MEDICAL CARE LTDA;;UNI HEMODIALISE;FRESENIUS MEDICAL CARE;4008-S;HCPE-0715,407.610;;Contrato;Valor Fixo;2025-04-07 08:59:36.796000;2025-06-12 15:31:08.033000;66;Concluído
HC;5405;SENC;24.85;MC;;ALLIANCE MEDINFUSION LTDA;;BOMBA INFUSAO USO GERAL;SAMTRONIC;ST-1000;HCPE-1832;;Garantia;;2024-04-01 10:19:13.679000;2024-08-14 11:13:01.644000;135;Concluído
HC;5405;SENC;24.524;MC;;ALLIANCE MEDINFUSION LTDA;;BOMBA INFUSAO USO GERAL;SAMTRONIC;ST-1000;HCPE-0862;;Garantia;;2024-08-19 10:27:22.356000;2024-08-21 08:53:56.622000;1;Concluído
HC;5369;UNIDI;25.1118;MC;;GE HEALTHCARE DO BRASIL COMERCIO E SERVICOS PARA EQUIPAMENTOS MEDICO-HOSPITALARES LTDA;;WORKSTATION;GE HEALTHCARE;XELERIS;HCPE-3360;;Garantia;;2025-05-20 09:33:17.167000;2025-05-26 16:40:46.218000;6;Concluído
HC;5385;USU;25.2506;MC;;FRESENIUS MEDICAL CARE LTDA;;UNI HEMODIALISE;FRESENIUS MEDICAL CARE;4008-S V-10;HCPE-3835;;Garantia;;2025-09-25 13:54:32.265000;2025-10-02 16:44:27.459000;7;Concluído
HC;5382;UASM;24.207;MP;;FANEM LTDA;;BERCO AQUECIDO;FANEM;2085;HCPE-3642;;Garantia;;2024-05-16 11:24:30.792000;2024-05-16 11:29:43.716000;0;Concluído
HC;5385;USU;25.1277;MC;;FRESENIUS MEDICAL CARE LTDA;;UNI HEMODIALISE;FRESENIUS MEDICAL CARE;4008-S V-10;HCPE-3655,;;Garantia;;2025-06-03 08:48:19.326000;2025-06-25 12:19:23.694000;22;Concluído
HC;5405;SENC;24.589;MP;;ALLIANCE MEDINFUSION LTDA;;BOMBA INFUSAO USO GERAL;SAMTRONIC;ST-1000;;;Garantia;;2024-08-28 11:00:16.456000;2024-08-28 11:03:37.454000;0;Concluído
HC;5385;USU;25.2567;MC;;FRESENIUS MEDICAL CARE LTDA;;UNI HEMODIALISE;FRESENIUS MEDICAL CARE;4008-S;HCPE-0730,407.067;;Contrato;Valor Fixo;2025-09-30 10:53:27.016000;2025-10-03 09:15:59.047000;2;Concluído
HC;5405;SENC;24.1039;MC;;ALLIANCE MEDINFUSION LTDA;;BOMBA INFUSAO USO GERAL;SAMTRONIC;ST-1000;HCPE-2211;;Garantia;;2024-11-12 12:29:38.599000;2024-11-12 12:37:17.542000;0;Concluído
HC;5405;SENC;24.959;MC;;ALLIANCE MEDINFUSION LTDA;;BOMBA INFUSAO USO GERAL;SAMTRONIC;ST-1000;HCPE-2702;;Garantia;;2024-11-01 09:48:50.044000;2025-06-13 14:52:47.657000;224;Concluído
HC;5385;USU;25.1215;MC;;FRESENIUS MEDICAL CARE LTDA;;UNI HEMODIALISE;FRESENIUS MEDICAL CARE;4008-S;HCPE-0706,407.065;;Contrato;Valor Fixo;2025-05-27 09:03:59.297000;2025-06-13 07:20:17.269000;16;Concluído
HC;5385;USU;25.1258;MC;;FRESENIUS MEDICAL CARE LTDA;;UNI HEMODIALISE;FRESENIUS MEDICAL CARE;4008-S;HCPE-1656,;;Contrato;Valor Fixo;2025-05-30 16:06:07.195000;2025-06-27 10:19:43.772000;27;Concluído
HC;5385;USU;25.2087;MC;;FRESENIUS MEDICAL CARE LTDA;;UNI HEMODIALISE;FRESENIUS MEDICAL CARE;4008-S V-10;HCPE-3655,;;Garantia;;2025-08-21 08:22:45.687000;2025-10-31 09:35:20.469000;71;Concluído
HC;5405;SENC;24.145;MC;;ALLIANCE MEDINFUSION LTDA;;BOMBA INFUSAO USO GERAL;SAMTRONIC;ST-1000;HCPE-0577;;Garantia;;2024-04-19 09:21:42.253000;2024-08-14 11:26:33.687000;117;Concluído
HC;5385;USU;25.892;MC;;FRESENIUS MEDICAL CARE LTDA;;UNI HEMODIALISE;FRESENIUS MEDICAL CARE;4008-S;HCPE-1654,;;Contrato;Valor Fixo;2025-04-24 14:34:35.643000;2025-06-25 12:13:23.997000;61;Concluído
HC;5393;UPME;25.1485;MC;;SUPPORTCARE TECNOLOGIA HOSPITALAR;;AUTOCLAVE GRANDE PORTE;CISA BRASILE;6410;HCPE-0905,409.647;;Garantia;;2025-06-18 14:36:30.264000;2025-06-18 14:46:01.254000;0;Concluído
HC;5385;USU;24.648;MC;;FRESENIUS MEDICAL CARE LTDA;;UNI HEMODIALISE;FRESENIUS MEDICAL CARE;4008-S;HCPE-0711,407.070;;Contrato;Valor Fixo;2024-09-19 16:27:38.375000;2024-10-24 12:01:54.086000;34;Concluído
HC;5369;UNIDI;25.9;MC;;GE HEALTHCARE DO BRASIL COMERCIO E SERVICOS PARA EQUIPAMENTOS MEDICO-HOSPITALARES LTDA;;WORKSTATION;HP;Z-800;HCPE-2954;;Garantia;;2025-01-03 14:53:39.081000;2025-01-03 14:55:33.764000;0;Concluído
HC;5385;USU;25.93;MC;;FRESENIUS MEDICAL CARE LTDA;;UNI HEMODIALISE;FRESENIUS MEDICAL CARE;4008-S;HCPE-0714,407.607;;Contrato;Valor Fixo;2025-01-16 09:18:11.376000;2025-01-31 16:30:14.907000;15;Concluído
HC;5385;USU;24.1297;MC;;FRESENIUS MEDICAL CARE LTDA;;UNI HEMODIALISE;FRESENIUS MEDICAL CARE;4008-S;HCPE-0715,407.610;;Contrato;Valor Fixo;2025-01-09 08:35:25.108000;;;Cancelado
HC;5385;USU;25.198;MC;;FRESENIUS MEDICAL CARE LTDA;;UNI HEMODIALISE;FRESENIUS MEDICAL CARE;4008-S;HCPE-0728,407.608;;Contrato;Valor Fixo;2025-02-03 08:00:06.667000;2025-04-03 14:02:34.968000;59;Concluído
HC;5385;USU;24.1031;MC;;FRESENIUS MEDICAL CARE LTDA;;UNI HEMODIALISE;FRESENIUS MEDICAL CARE;4008-S;HCPE-0708,407.611;;Contrato;Valor Fixo;2024-11-18 16:00:57.675000;2024-12-27 10:42:28.043000;38;Concluído
HC;5395;UTIPN;24.217;MC;;ALLIANCE MEDINFUSION LTDA;;BOMBA INFUSAO SERINGA;SAMTRONIC;ST-7000;HCPE-0530;;Garantia;;2024-05-15 10:11:29.815000;2024-06-03 14:10:56.705000;19;Concluído
HC;5405;SENC;24.957;MC;;ALLIANCE MEDINFUSION LTDA;;BOMBA INFUSAO USO GERAL;SAMTRONIC;ST-1000;HCPE-0434;;Garantia;;2024-11-01 09:52:08.797000;2024-11-18 10:41:30.587000;17;Concluído
HC;5365;NCE;24.725;MC;;ALLIANCE MEDINFUSION LTDA;;BOMBA INFUSAO SERINGA;SAMTRONIC;ST-7000;HCPE-3014,;;Garantia;;2024-10-10 14:42:03.901000;2024-10-25 08:47:07.083000;14;Concluído
HC;5405;SENC;24.965;MC;;ALLIANCE MEDINFUSION LTDA;;BOMBA INFUSAO USO GERAL;SAMTRONIC;ST-1000;HCPE-0031;;Garantia;;2024-11-01 09:26:04.185000;2024-11-18 10:40:59.471000;17;Concluído
HC;5369;UNIDI;25.2258;MP;;GE HEALTHCARE DO BRASIL COMERCIO E SERVICOS PARA EQUIPAMENTOS MEDICO-HOSPITALARES LTDA;;RESSONANCIA MAGNETICA;GE HEALTHCARE;SIGNA HDI;HCPE-0914,;;Garantia;;2025-09-17 09:23:20.576000;2025-10-14 10:27:25.487000;27;Concluído
HC;5405;SENC;24.265;MC;;ALLIANCE MEDINFUSION LTDA;;BOMBA INFUSAO USO GERAL;SAMTRONIC;ST-1000;HCPE-0082;;Garantia;;2024-10-10 14:33:28.236000;2024-10-25 08:35:16.863000;14;Concluído
HC;5405;SENC;24.149;MC;;ALLIANCE MEDINFUSION LTDA;;BOMBA INFUSAO USO GERAL;SAMTRONIC;ST-1000;HCPE-0074;;Garantia;;2024-11-12 12:07:55.257000;2024-11-12 12:09:15.464000;0;Concluído
HC;5369;UNIDI;25.2013;MP;;GE HEALTHCARE DO BRASIL COMERCIO E SERVICOS PARA EQUIPAMENTOS MEDICO-HOSPITALARES LTDA;;RESSONANCIA MAGNETICA;GE HEALTHCARE;SIGNA HDI;HCPE-0914,;;Garantia;;2025-08-15 10:09:15.975000;2025-08-15 10:11:07.257000;0;Concluído
HC;5405;SENC;24.586;MP;;ALLIANCE MEDINFUSION LTDA;;BOMBA INFUSAO USO GERAL;SAMTRONIC;ST-1000;HCPE-0862;;Garantia;;2024-08-28 10:33:06.186000;2024-08-28 10:35:18.227000;0;Concluído
HC;5395;UTIPN;24.848;MP;;ALLIANCE MEDINFUSION LTDA;;BOMBA INFUSAO SERINGA;SAMTRONIC;ST-7000;HCPE-0610;;Garantia;;2024-10-10 15:28:32.426000;2024-10-10 15:29:41.922000;0;Concluído
HC;5369;UNIDI;25.1846;MC;;GE HEALTHCARE DO BRASIL COMERCIO E SERVICOS PARA EQUIPAMENTOS MEDICO-HOSPITALARES LTDA;;GAMA CAMARA SPECT CT;GE HEALTHCARE;DISCOVERY NM-630-SPECT;HCPE-3037;;Garantia;;2025-08-04 10:56:17.351000;2025-08-21 11:28:18.505000;17;Concluído
HC;5385;USU;25.2368;MP;;FRESENIUS MEDICAL CARE LTDA;;UNI HEMODIALISE;FRESENIUS MEDICAL CARE;4008-S;HCPE-0731,407.612;;Garantia;;2025-09-09 11:47:32.276000;2025-09-09 11:50:34.587000;0;Concluído
HC;5369;UNIDI;24.513;MC;;IMMAX SERVIÇOS TÉCNICOS ESPECIALIZADOS LTDA;;SIS IMAGEM DIGITAL ANGIOGRAFICO CARDIOVASCULAR;SIEMENS;ARTIS ZEE FLOOR;HCPE-2085,-;;Contrato;Valor Fixo;2024-08-15 14:31:40.067000;2025-05-07 13:51:46.053000;264;Concluído
HC;5405;SENC;24.525;MC;;ALLIANCE MEDINFUSION LTDA;;BOMBA INFUSAO USO GERAL;SAMTRONIC;ST-1000;HCPE-2060;;Garantia;;2024-08-19 10:27:08.494000;2024-08-21 08:55:51.865000;1;Concluído
HC;5385;USU;24.765;MC;;FRESENIUS MEDICAL CARE LTDA;;UNI HEMODIALISE;FRESENIUS MEDICAL CARE;4008-S;HCPE-1656,;;Contrato;Valor Fixo;2024-10-02 08:01:19.827000;2024-10-24 12:20:54.562000;22;Concluído
HC;5394;UNIBC;25.2416;MC;;BM COMÉRCIO E SERVIÇOS DE EQUIPAMENTOS MEDICOS HOSPITALARES LTDA ME;;LAVADORA US;BAUMER;E-0201 042;HCPE-3631;;Garantia;;2025-09-16 09:37:34.681000;2025-09-16 13:13:09.932000;0;Concluído
HC;5405;SENC;24.844;MP;;ALLIANCE MEDINFUSION LTDA;;BOMBA INFUSAO USO GERAL;SAMTRONIC;ST-1000;HCPE-0460;;Garantia;;2024-10-10 15:08:35.061000;2024-10-25 08:41:47.795000;14;Concluído
HC;5405;SENC;24.590;MP;;ALLIANCE MEDINFUSION LTDA;;BOMBA INFUSAO USO GERAL;SAMTRONIC;ST-1000;;;Garantia;;2024-08-28 11:00:30.054000;2024-08-28 11:05:52.017000;0;Concluído
HC;5405;SENC;24.841;MP;;ALLIANCE MEDINFUSION LTDA;;BOMBA INFUSAO USO GERAL;SAMTRONIC;ST-1000;HCPE-0267;;Garantia;;2024-10-10 15:07:28.358000;2024-10-25 08:44:41.016000;14;Concluído
HC;5385;USU;25.70;MC;;FRESENIUS MEDICAL CARE LTDA;;UNI HEMODIALISE;FRESENIUS MEDICAL CARE;4008-S;HCPE-0729,407.613;;Contrato;Valor Fixo;2025-01-14 08:09:43.596000;2025-01-31 16:28:17.776000;17;Concluído
HC;5369;UNIDI;25.1350;MP;;SAFE SUPORTE A VIDA E COMERCIO INTERNACIONAL LTDA;;MAMOGRAFO;HOLOGIC;SELENIA DIMENSION-3000 2-D;HCPE-3650,;;Garantia;;2025-06-06 15:04:24.607000;2025-06-10 15:21:38.498000;4;Concluído
HC;5369;UNIDI;24.683;MC;;GE HEALTHCARE DO BRASIL COMERCIO E SERVICOS PARA EQUIPAMENTOS MEDICO-HOSPITALARES LTDA;;GAMA CAMARA SPECT CT;GE HEALTHCARE;DISCOVERY NM-630-SPECT;HCPE-3037;;Garantia;;2024-09-23 11:17:08.176000;2025-01-16 09:03:07.839000;114;Concluído
HC;5369;UNIDI;24.1240;MC;;ASSISTEC INSTRUMENTAÇÃO CIENTÍFICA;;VIDEO GASTROSCOPIO;OLYMPUS;GIF Q-150;HCPE-1684;;Garantia;;2024-12-13 14:11:43.828000;2024-12-13 14:19:35.396000;0;Concluído
HC;5385;USU;25.757;MC;;FRESENIUS MEDICAL CARE LTDA;;UNI HEMODIALISE;FRESENIUS MEDICAL CARE;4008-S;HCPE-0714,407.607;;Contrato;Valor Fixo;2025-04-07 09:09:45.849000;2025-06-12 15:17:48.704000;66;Concluído
HC;5385;USU;25.759;MC;;FRESENIUS MEDICAL CARE LTDA;;UNI HEMODIALISE;FRESENIUS MEDICAL CARE;4008-S;HCPE-0707,;;Contrato;Valor Fixo;2025-04-07 09:02:21.695000;2025-06-12 15:22:13.271000;66;Concluído
HC;5405;SENC;24.206;MC;;ALLIANCE MEDINFUSION LTDA;;BOMBA INFUSAO USO GERAL;SAMTRONIC;ST-1000;HCPE-0031;;Garantia;;2024-05-13 09:49:15.035000;;;Cancelado
HC;5405;SENC;24.591;MP;;ALLIANCE MEDINFUSION LTDA;;BOMBA INFUSAO USO GERAL;SAMTRONIC;ST-1000;HCPE-0417;;Garantia;;2024-08-29 09:52:46.743000;2024-08-29 09:57:02.803000;0;Concluído
HC;5385;USU;24.1197;MC;;FRESENIUS MEDICAL CARE LTDA;;UNI HEMODIALISE;FRESENIUS MEDICAL CARE;4008-S;HCPE-1657,;;Contrato;Valor Fixo;2024-11-28 11:14:05.003000;2024-12-27 09:23:26.283000;28;Concluído
HC;5393;UPME;24.767;MC;;CRM MEDICAL;;PISTOLA AR/AGUA PRESSURIZADO;ATEMOH;CPA AAD-03;HCPE-2830,;;Garantia;;2025-04-07 16:21:41.239000;2025-04-07 16:23:25.437000;0;Concluído
HC;5405;SENC;24.1043;MC;;ALLIANCE MEDINFUSION LTDA;;BOMBA INFUSAO USO GERAL;SAMTRONIC;ST-1000;HCPE-0458;;Garantia;;2024-11-12 12:30:18.894000;2024-11-12 12:38:10.778000;0;Concluído
HC;5405;SENC;24.840;MP;;ALLIANCE MEDINFUSION LTDA;;BOMBA INFUSAO USO GERAL;SAMTRONIC;ST-1000;HCPE-0127;;Garantia;;2024-10-10 15:00:57.645000;2024-10-25 08:36:40.746000;14;Concluído
HC;5405;SENC;24.592;MP;;ALLIANCE MEDINFUSION LTDA;;BOMBA INFUSAO USO GERAL;SAMTRONIC;ST-1000;HCPE-0034;;Garantia;;2024-08-29 09:53:23.049000;2024-08-29 09:59:57.275000;0;Concluído
HC;5385;USU;25.2568;MC;;FRESENIUS MEDICAL CARE LTDA;;UNI HEMODIALISE;FRESENIUS MEDICAL CARE;4008-S;HCPE-0727,407.046;;Contrato;Valor Fixo;2025-09-30 10:49:02.167000;2025-10-02 16:57:17.921000;2;Concluído
HC;5385;USU;25.2862;MP;;FRESENIUS MEDICAL CARE LTDA;;UNI HEMODIALISE;FRESENIUS MEDICAL CARE;4008-S;HCPE-1657,;;Garantia;;2025-10-23 11:18:54.383000;2025-10-23 11:56:51.091000;0;Concluído
HC;5385;USU;24.95;MC;;FRESENIUS MEDICAL CARE LTDA;;UNI HEMODIALISE;FRESENIUS MEDICAL CARE;4008-S;HCPE-0710,407.041;;Contrato;Valor Fixo;2024-08-09 10:56:43.233000;2024-08-09 10:58:00.299000;0;Concluído
HC;5369;UNIDI;24.1275;MC;;GE HEALTHCARE DO BRASIL COMERCIO E SERVICOS PARA EQUIPAMENTOS MEDICO-HOSPITALARES LTDA;;RESSONANCIA MAGNETICA;GE HEALTHCARE;SIGNA HDI;HCPE-0914,;;Garantia;;2025-01-03 13:42:09.436000;2025-02-06 08:56:53.915000;33;Concluído
HC;5385;USU;25.1198;MC;;FRESENIUS MEDICAL CARE LTDA;;UNI HEMODIALISE;FRESENIUS MEDICAL CARE;4008-S V-10;HCPE-3654,;;Garantia;;2025-05-27 09:07:33.071000;2025-06-12 15:36:08.434000;16;Concluído
HC;5405;SENC;24.199;MC;;ALLIANCE MEDINFUSION LTDA;;BOMBA INFUSAO USO GERAL;SAMTRONIC;ST-1000;HCPE-0442;;Garantia;;2024-05-09 11:41:19.143000;;;Cancelado
HC;5405;SENC;24.960;MC;;ALLIANCE MEDINFUSION LTDA;;BOMBA INFUSAO USO GERAL;SAMTRONIC;ST-1000;HCPE-0573;;Garantia;;2024-11-01 09:39:04.785000;2024-11-18 10:39:12.287000;17;Concluído
HC;5405;SENC;24.842;MP;;ALLIANCE MEDINFUSION LTDA;;BOMBA INFUSAO USO GERAL;SAMTRONIC;ST-1000;HCPE-0422;;Garantia;;2024-10-10 15:04:50.291000;2024-10-25 08:42:23.088000;14;Concluído
HC;5394;UNIBC;25.1936;MC;;BM COMÉRCIO E SERVIÇOS DE EQUIPAMENTOS MEDICOS HOSPITALARES LTDA ME;;LAVADORA US;BAUMER;E-0201 042;HCPE-3631;;Garantia;;2025-08-08 09:58:36.555000;2025-08-08 10:00:37.907000;0;Concluído
HC;5385;USU;24.1297;MC;;FRESENIUS MEDICAL CARE LTDA;;UNI HEMODIALISE;FRESENIUS MEDICAL CARE;4008-S;HCPE-0715,407.610;;Contrato;Valor Fixo;2024-12-30 13:39:17.769000;2025-01-09 08:35:25.697000;9;Concluído
HC;5391;UTI ADULTO;25.1278;MC;;FRESENIUS MEDICAL CARE LTDA;;UNI HEMODIALISE;FRESENIUS MEDICAL CARE;4008-S;HCPE-0628,;;Contrato;Valor Fixo;2025-06-03 08:42:26.213000;2025-06-25 12:07:14.196000;22;Concluído
HC;5385;USU;24.208;MC;;FRESENIUS MEDICAL CARE LTDA;;UNI HEMODIALISE;FRESENIUS MEDICAL CARE;4008-S;HCPE-0729,407.613;;Garantia;;2024-05-14 08:09:38.588000;2024-08-09 11:10:41.205000;87;Concluído
HC;5380;UCP;24.1271;MC;;CARL ZEISS DO BRASIL LTDA;;CAMPIMETRO;CARL ZEISS;HFA-3840;HCPE-3396,769.384;;Garantia;;2024-12-20 10:02:15.049000;2025-03-26 08:29:15.454000;95;Concluído
HC;5385;USU;24.670;MC;;FRESENIUS MEDICAL CARE LTDA;;UNI HEMODIALISE;FRESENIUS MEDICAL CARE;4008-S;HCPE-1655;;Contrato;Valor Fixo;2024-09-19 16:45:03.604000;2024-10-14 16:26:08.304000;24;Concluído
HC;5385;USU;25.2687;MC;;FRESENIUS MEDICAL CARE LTDA;;UNI HEMODIALISE;FRESENIUS MEDICAL CARE;4008-S;HCPE-0730,407.067;;Garantia;;2025-10-07 13:10:22.195000;2025-10-09 13:10:48.092000;2;Concluído
HC;5405;SENC;24.724;MC;;ALLIANCE MEDINFUSION LTDA;;BOMBA INFUSAO USO GERAL;SAMTRONIC;ST-1000;HCPE-0450;;Garantia;;2024-10-10 14:46:31.288000;2024-10-25 08:43:09.718000;14;Concluído
HC;5369;UNIDI;25.2011;MC;;GE HEALTHCARE DO BRASIL COMERCIO E SERVICOS PARA EQUIPAMENTOS MEDICO-HOSPITALARES LTDA;;RESSONANCIA MAGNETICA;GE HEALTHCARE;SIGNA HDI;HCPE-0914,;;Garantia;;2025-08-15 09:42:13.413000;2025-09-02 08:59:11.647000;17;Concluído
HC;5385;USU;25.2551;MC;;FRESENIUS MEDICAL CARE LTDA;;UNI HEMODIALISE;FRESENIUS MEDICAL CARE;4008-S V-10;HCPE-3832;;Garantia;;2025-09-29 11:54:14.011000;2025-10-02 16:51:02.147000;3;Concluído
HC;5405;SENC;24.147;MC;;ALLIANCE MEDINFUSION LTDA;;BOMBA INFUSAO USO GERAL;SAMTRONIC;ST-1000;HCPE-0420;;Garantia;;2024-04-19 09:27:43.734000;2024-08-14 11:20:28.388000;117;Concluído
HC;5385;USU;25.2550;MC;;FRESENIUS MEDICAL CARE LTDA;;UNI HEMODIALISE;FRESENIUS MEDICAL CARE;4008-S V-10;HCPE-3834;;Garantia;;2025-09-29 11:52:32.005000;2025-10-02 16:47:15.027000;3;Concluído
HC;5405;SENC;24.1035;MC;;ALLIANCE MEDINFUSION LTDA;;BOMBA INFUSAO USO GERAL;SAMTRONIC;ST-1000;HCPE-1831;;Garantia;;2024-11-12 12:28:59.267000;2024-11-12 12:37:59.916000;0;Concluído
HC;5385;USU;25.2264;MC;;FRESENIUS MEDICAL CARE LTDA;;UNI HEMODIALISE;FRESENIUS MEDICAL CARE;4008-S V-10;HCPE-3832;;Garantia;;2025-09-01 09:35:13.047000;2025-09-25 13:57:23.535000;24;Concluído
HC;5369;UNIDI;24.29;MC;;GE HEALTHCARE DO BRASIL COMERCIO E SERVICOS PARA EQUIPAMENTOS MEDICO-HOSPITALARES LTDA;;RESSONANCIA MAGNETICA;GE HEALTHCARE;SIGNA HDI;HCPE-0914,;;Garantia;;2024-02-29 16:21:15.665000;2024-09-13 09:43:46.396000;196;Concluído
HC;5405;SENC;24.100;MC;;ALLIANCE MEDINFUSION LTDA;;BOMBA INFUSAO USO GERAL;SAMTRONIC;ST-1000;HCPE-2701;;Garantia;;2024-04-01 10:29:22.601000;2024-08-14 11:29:23.392000;135;Concluído
HC;5405;SENC;24.631;MC;;ALLIANCE MEDINFUSION LTDA;;BOMBA INFUSAO USO GERAL;SAMTRONIC;ST-1000;HCPE-2721;;Garantia;;2024-09-13 11:39:49.531000;2024-10-10 15:26:57.965000;27;Concluído
HC;5405;SENC;24.958;MC;;ALLIANCE MEDINFUSION LTDA;;BOMBA INFUSAO USO GERAL;SAMTRONIC;ST-1000;HCPE-2571;;Garantia;;2024-11-01 09:50:09.435000;2024-11-18 10:37:11.895000;17;Concluído
HC;5385;USU;24.490;MC;;FRESENIUS MEDICAL CARE LTDA;;UNI HEMODIALISE;FRESENIUS MEDICAL CARE;4008-S;HCPE-0708,407.611;;Contrato;Valor Fixo;2024-08-12 11:06:58.996000;2024-08-14 14:06:58.015000;2;Concluído
HC;5405;SENC;24.322;MC;;ALLIANCE MEDINFUSION LTDA;;BOMBA INFUSAO USO GERAL;SAMTRONIC;ST-1000;HCPE-0436;;Garantia;;2024-08-26 10:58:51.354000;2024-08-26 11:00:01.491000;0;Concluído
HC;5391;UTI ADULTO;24.41;MC;;FRESENIUS MEDICAL CARE LTDA;;UNI HEMODIALISE;FRESENIUS MEDICAL CARE;4008-S;HCPE-0628,;;Garantia;;2024-03-04 10:57:33.339000;2024-08-09 10:33:26.417000;157;Concluído
HC;5385;USU;25.690;MC;;FRESENIUS MEDICAL CARE LTDA;;UNI HEMODIALISE;FRESENIUS MEDICAL CARE;4008-S V-10;HCPE-3657,;;Garantia;;2025-04-02 16:32:41.743000;2025-05-27 09:22:53.108000;54;Concluído
HC;5385;USU;25.3019;MC;;FRESENIUS MEDICAL CARE LTDA;;UNI HEMODIALISE;FRESENIUS MEDICAL CARE;4008-S;HCPE-0731,407.612;;Garantia;;2025-11-05 11:57:51.807000;2025-11-07 07:49:47.022000;1;Concluído
HC;5369;UNIDI;25.1064;MC;;CRM MEDICAL;;ARMARIO ARMAZENAMENTO ENDOSCOPIO;ATEMOH;ENDO GUARD STERILIZED;HCPE-3741;;Garantia;;2025-05-13 10:49:26.588000;2025-05-13 10:52:48.059000;0;Concluído
HC;5385;USU;25.2265;MC;;FRESENIUS MEDICAL CARE LTDA;;UNI HEMODIALISE;FRESENIUS MEDICAL CARE;4008-S;HCPE-0730,407.067;;Garantia;;2025-09-01 09:37:35.959000;2025-09-09 07:56:46.053000;7;Concluído
HC;5385;USU;24.114;MC;;FRESENIUS MEDICAL CARE LTDA;;UNI HEMODIALISE;FRESENIUS MEDICAL CARE;4008-S;HCPE-0712,407.072;;Garantia;;2024-04-01 09:36:19.026000;2024-08-09 11:03:15.732000;130;Concluído
HC;5385;USU;25.1;MC;;FRESENIUS MEDICAL CARE LTDA;;UNI HEMODIALISE;FRESENIUS MEDICAL CARE;4008-S;HCPE-0727,407.046;;Contrato;Valor Fixo;2025-01-03 08:21:06.671000;2025-01-14 08:17:25.847000;10;Concluído
HC;5405;SENC;24.839;MP;;ALLIANCE MEDINFUSION LTDA;;BOMBA INFUSAO USO GERAL;SAMTRONIC;ST-1000;HCPE-2181;;Garantia;;2024-10-10 14:59:09.437000;2024-10-25 08:32:41.004000;14;Concluído
HC;5385;USU;25.215;MC;;FRESENIUS MEDICAL CARE LTDA;;UNI HEMODIALISE;FRESENIUS MEDICAL CARE;4008-S;HCPE-1657,;;Garantia;;2025-02-04 08:47:29.471000;2025-06-12 15:11:02.154000;128;Concluído
HC;5385;USU;24.708;MC;;FRESENIUS MEDICAL CARE LTDA;;UNI HEMODIALISE;FRESENIUS MEDICAL CARE;4008-S;HCPE-0708,407.611;;Contrato;Valor Fixo;2024-10-24 11:44:38.803000;2024-10-24 11:47:34.123000;0;Concluído
HC;5405;SENC;24.640;MC;;ALLIANCE MEDINFUSION LTDA;;BOMBA INFUSAO USO GERAL;SAMTRONIC;ST-1000;HCPE-1831;;Garantia;;2024-09-13 11:38:44.929000;2024-10-10 15:22:53.377000;27;Concluído
HC;5385;USU;25.69;MC;;FRESENIUS MEDICAL CARE LTDA;;UNI HEMODIALISE;FRESENIUS MEDICAL CARE;4008-S;HCPE-0731,407.612;;Contrato;Valor Fixo;2025-01-14 07:56:16.489000;2025-01-31 16:26:46.026000;17;Concluído
HC;5385;USU;25.2130;MC;;FRESENIUS MEDICAL CARE LTDA;;UNI HEMODIALISE;FRESENIUS MEDICAL CARE;4008-S V-10;HCPE-3834;;Garantia;;2025-08-25 09:31:13.731000;2025-08-25 09:32:47.003000;0;Concluído
HC;5385;USU;25.1274;MC;;FRESENIUS MEDICAL CARE LTDA;;UNI HEMODIALISE;FRESENIUS MEDICAL CARE;4008-S;HCPE-0728,407.608;;Contrato;Valor Fixo;2025-06-03 08:40:33.892000;2025-06-27 10:32:50.353000;24;Concluído
HC;5385;USU;24.1108;MC;;FRESENIUS MEDICAL CARE LTDA;;UNI HEMODIALISE;FRESENIUS MEDICAL CARE;4008-S;HCPE-0711,407.070;;Contrato;Valor Fixo;2024-11-18 16:01:44.243000;2024-12-27 10:39:58.256000;38;Concluído
HC;5369;UNIDI;25.1695;MC;;GE HEALTHCARE DO BRASIL COMERCIO E SERVICOS PARA EQUIPAMENTOS MEDICO-HOSPITALARES LTDA;;RESSONANCIA MAGNETICA;GE HEALTHCARE;SIGNA HDI;HCPE-0914,;;Garantia;;2025-07-22 13:08:47.713000;2025-07-24 15:00:03.428000;2;Concluído
HC;5385;USU;24.658;MC;;FRESENIUS MEDICAL CARE LTDA;;UNI HEMODIALISE;FRESENIUS MEDICAL CARE;4008-S;HCPE-0712,407.072;;Contrato;Valor Fixo;2024-09-19 16:49:17.158000;2024-12-27 09:40:58.019000;98;Concluído
HC;5382;UASM;24.62;MC;;FANEM LTDA;;INCUBADORA RN TRANSPORTE;FANEM;IT-158-TS;HCPE-3325,769.385;;Garantia;;2024-03-13 11:09:46.968000;;;Cancelado
HC;5405;SENC;24.224;MC;;ALLIANCE MEDINFUSION LTDA;;BOMBA INFUSAO USO GERAL;SAMTRONIC;ST-1000;HCPE-2723;;Garantia;;2024-11-12 12:11:39.755000;2024-11-12 12:12:47.092000;0;Concluído
HC;5405;SENC;24.523;MC;;ALLIANCE MEDINFUSION LTDA;;BOMBA INFUSAO USO GERAL;SAMTRONIC;ST-1000;HCPE-0447;;Garantia;;2024-08-19 10:27:38.971000;2024-08-21 08:51:27.009000;1;Concluído
HC;5405;SENC;24.155;MC;;ALLIANCE MEDINFUSION LTDA;;BOMBA INFUSAO USO GERAL;SAMTRONIC;ST-1000;HCPE-0259;;Garantia;;2024-04-19 09:47:28.626000;2024-08-14 11:15:04.689000;117;Concluído
HC;5405;SENC;24.843;MP;;ALLIANCE MEDINFUSION LTDA;;BOMBA INFUSAO USO GERAL;SAMTRONIC;ST-1000;HCPE-0438;;Garantia;;2024-10-10 15:05:48.444000;2024-10-25 08:40:11.839000;14;Concluído
HC;5405;SENC;24.143;MC;;ALLIANCE MEDINFUSION LTDA;;BOMBA INFUSAO USO GERAL;SAMTRONIC;ST-1000;HCPE-0390;;Garantia;;2024-04-19 09:16:41.061000;2024-06-07 15:05:18.349000;49;Concluído
HC;5405;SENC;24.604;MC;;ALLIANCE MEDINFUSION LTDA;;BOMBA INFUSAO USO GERAL;SAMTRONIC;ST-1000;HCPE-1430;;Garantia;;2024-09-13 11:37:09.504000;2024-10-10 15:25:47.385000;27;Concluído
HC;5369;UNIDI;25.2888;MC;;GE HEALTHCARE DO BRASIL COMERCIO E SERVICOS PARA EQUIPAMENTOS MEDICO-HOSPITALARES LTDA;;GAMA CAMARA SPECT CT;GE HEALTHCARE;DISCOVERY NM-630-SPECT;HCPE-3037;;Garantia;;2025-10-28 13:50:34.236000;2025-10-28 13:56:11.572000;0;Concluído
HC;5385;USU;24.113;MC;;FRESENIUS MEDICAL CARE LTDA;;UNI HEMODIALISE;FRESENIUS MEDICAL CARE;4008-S;HCPE-0707,;;Garantia;;2024-04-01 09:27:02.736000;2024-08-09 11:01:01.932000;130;Concluído
HC;5405;SENC;24.552;MC;;ALLIANCE MEDINFUSION LTDA;;BOMBA INFUSAO USO GERAL;SAMTRONIC;ST-1000;HCPE-0430;;Garantia;;2024-09-13 11:45:47.045000;;;Cancelado
HC;5385;USU;24.44;MC;;FRESENIUS MEDICAL CARE LTDA;;UNI HEMODIALISE;FRESENIUS MEDICAL CARE;4008-S;HCPE-1656,;;Garantia;;2024-03-07 11:27:07.056000;2024-08-09 10:36:06.762000;154;Concluído
HC;5405;SENC;24.1037;MC;;ALLIANCE MEDINFUSION LTDA;;BOMBA INFUSAO USO GERAL;SAMTRONIC;ST-1000;HCPE-2762;;Garantia;;2024-11-12 12:29:19.523000;2024-11-12 12:37:38.657000;0;Concluído
HC;5369;UNIDI;25.2843;MC;;GE HEALTHCARE DO BRASIL COMERCIO E SERVICOS PARA EQUIPAMENTOS MEDICO-HOSPITALARES LTDA;;ULTRASSOM PORTATIL;GE HEALTHCARE;VERSANA ACTIVE;HCPE-3837;;Garantia;;2025-10-21 13:45:32.073000;2025-11-12 09:24:21.424000;21;Concluído
HC;5369;UNIDI;25.1419;MC;;GE HEALTHCARE DO BRASIL COMERCIO E SERVICOS PARA EQUIPAMENTOS MEDICO-HOSPITALARES LTDA;;ULTRASSOM;GE HEALTHCARE;VERSANA PREMIER;HCPE-3090,770.862;;Garantia;;2025-06-13 10:51:47.011000;2025-06-25 12:24:48.401000;12;Concluído
HC;5405;SENC;24.61;MC;;ALLIANCE MEDINFUSION LTDA;;BOMBA INFUSAO USO GERAL;SAMTRONIC;ST-1000;HCPE-2567;;Garantia;;2024-04-01 10:08:58.391000;2024-08-14 10:17:22.709000;135;Concluído
HC;5405;SENC;24.639;MC;;ALLIANCE MEDINFUSION LTDA;;BOMBA INFUSAO USO GERAL;SAMTRONIC;ST-1000;HCPE-0863;;Garantia;;2024-09-13 11:41:09.059000;2024-10-10 15:24:31.124000;27;Concluído
HC;5405;SENC;24.845;MP;;ALLIANCE MEDINFUSION LTDA;;BOMBA INFUSAO USO GERAL;SAMTRONIC;ST-1000;;;Garantia;;2024-10-10 15:02:15.573000;2024-10-25 08:45:22.685000;14;Concluído
HC;5385;USU;24.1135;MC;;FRESENIUS MEDICAL CARE LTDA;;UNI HEMODIALISE;FRESENIUS MEDICAL CARE;4008-S;HCPE-0710,407.041;;Contrato;Valor Fixo;2024-11-19 11:33:31.552000;2024-12-27 10:56:22.544000;37;Concluído
HC;5380;UCP;25.613;MC;;CARL ZEISS DO BRASIL LTDA;;CAMPIMETRO;CARL ZEISS;HFA-3840;HCPE-3396,769.384;;Garantia;;2025-04-30 14:02:48.347000;2025-04-30 14:04:06.516000;0;Concluído
HC;5385;USU;24.483;MC;;FRESENIUS MEDICAL CARE LTDA;;UNI HEMODIALISE;FRESENIUS MEDICAL CARE;4008-S;HCPE-1655;;Contrato;Valor Fixo;2024-08-12 16:38:18.575000;2024-08-19 09:39:45.046000;6;Concluído
HC;5385;USU;25.82;MC;;FRESENIUS MEDICAL CARE LTDA;;UNI HEMODIALISE;FRESENIUS MEDICAL CARE;4008-S;HCPE-0708,407.611;;Contrato;Valor Fixo;2025-01-15 09:01:35.994000;2025-01-31 16:29:14.001000;16;Concluído
HC;5405;SENC;24.562;MC;;ALLIANCE MEDINFUSION LTDA;;BOMBA INFUSAO USO GERAL;SAMTRONIC;ST-1000;HCPE-0176;;Garantia;;2024-08-26 11:03:00.722000;;;Cancelado
HC;5405;SENC;24.593;MC;;ALLIANCE MEDINFUSION LTDA;;BOMBA INFUSAO USO GERAL;SAMTRONIC;ST-1000;HCPE-0792;;Garantia;;2024-09-13 11:49:07.883000;;;Cancelado
HC;5385;USU;24.1134;MC;;FRESENIUS MEDICAL CARE LTDA;;UNI HEMODIALISE;FRESENIUS MEDICAL CARE;4008-S;HCPE-0709,410.407;;Contrato;Valor Fixo;2024-11-19 11:32:41.086000;2024-12-27 10:53:19.393000;37;Concluído
HC;5380;UCP;24.1272;MP;;CARL ZEISS DO BRASIL LTDA;;CAMPIMETRO;CARL ZEISS;HFA-3840;HCPE-3396,769.384;;Garantia;;2024-12-20 10:09:35.188000;2024-12-20 10:11:53.977000;0;Concluído
HC;5385;USU;25.46;MC;;FRESENIUS MEDICAL CARE LTDA;;UNI HEMODIALISE;FRESENIUS MEDICAL CARE;4008-S;HCPE-1655;;Contrato;Valor Fixo;2025-01-08 09:03:39.326000;2025-01-08 16:22:09.053000;0;Concluído
HC;5405;SENC;24.102;MC;;ALLIANCE MEDINFUSION LTDA;;BOMBA INFUSAO USO GERAL;SAMTRONIC;ST-1000;HCPE-1440;;Garantia;;2024-04-01 10:35:55.985000;2024-08-14 11:10:43.655000;135;Concluído
HC;5405;SENC;24.1041;MC;;ALLIANCE MEDINFUSION LTDA;;BOMBA INFUSAO USO GERAL;SAMTRONIC;ST-1000;HCPE-1230;;Garantia;;2024-11-12 12:29:58.639000;2024-11-12 12:36:56.745000;0;Concluído
HC;5385;USU;24.128;MC;;FRESENIUS MEDICAL CARE LTDA;;UNI HEMODIALISE;FRESENIUS MEDICAL CARE;4008-S;HCPE-0708,407.611;;Garantia;;2024-04-05 07:52:49.781000;2024-08-07 14:09:03.773000;124;Concluído
HC;5396;UNIRI;24.489;MC;;GE HEALTHCARE DO BRASIL COMERCIO E SERVICOS PARA EQUIPAMENTOS MEDICO-HOSPITALARES LTDA;;PET CT;GE HEALTHCARE;DISCOVERY;HCPE-1344,417.828;;Garantia;;2024-08-07 13:57:54.391000;2024-09-17 16:25:54.214000;41;Concluído
HC;5369;UNIDI;25.2540;MC;;GE HEALTHCARE DO BRASIL COMERCIO E SERVICOS PARA EQUIPAMENTOS MEDICO-HOSPITALARES LTDA;;RESSONANCIA MAGNETICA;GE HEALTHCARE;SIGNA HDI;HCPE-0914,;;Garantia;;2025-09-29 10:21:38.631000;2025-10-28 13:45:23.904000;29;Concluído
HC;5405;SENC;24.588;MP;;ALLIANCE MEDINFUSION LTDA;;BOMBA INFUSAO USO GERAL;SAMTRONIC;ST-1000;;;Garantia;;2024-08-28 11:00:04.006000;2024-08-28 11:01:20.615000;0;Concluído
HC;5380;UCP;25.614;MC;;ADAPT PRODUTOS OFTALMOLOGICOS LTDA;;FACOEMULSIFICADOR;DORC;EVA NEXUS;HCPE-3615;;Garantia;;2025-03-26 11:27:31.747000;2025-06-25 09:46:56.044000;90;Concluído
HC;5405;SENC;24.148;MC;;ALLIANCE MEDINFUSION LTDA;;BOMBA INFUSAO USO GERAL;SAMTRONIC;ST-1000;HCPE-1234;;Garantia;;2024-04-19 09:30:26.713000;2024-08-14 11:17:58.022000;117;Concluído
HC;5385;USU;24.1297;MC;;FRESENIUS MEDICAL CARE LTDA;;UNI HEMODIALISE;FRESENIUS MEDICAL CARE;4008-S;HCPE-0715,407.610;;Contrato;Valor Fixo;2025-01-09 08:37:40.279000;2025-01-09 08:39:37.196000;0;Concluído
HC;5385;USU;24.864;MC;;FRESENIUS MEDICAL CARE LTDA;;UNI HEMODIALISE;FRESENIUS MEDICAL CARE;4008-S;HCPE-0729,407.613;;Contrato;Valor Fixo;2024-10-14 08:46:20.841000;2024-10-24 11:42:36.527000;10;Concluído
HC;5385;USU;24.134;MC;;FRESENIUS MEDICAL CARE LTDA;;UNI HEMODIALISE;FRESENIUS MEDICAL CARE;4008-S;HCPE-0711,407.070;;Garantia;;2024-04-08 08:05:07.008000;2024-08-09 11:06:27.393000;123;Concluído
HC;5385;USU;25.253;MC;;FRESENIUS MEDICAL CARE LTDA;;UNI HEMODIALISE;FRESENIUS MEDICAL CARE;4008-S;HCPE-0731,407.612;;Garantia;;2025-02-10 08:27:06.618000;2025-06-12 15:13:35.558000;122;Concluído
HC;5405;SENC;24.819;MC;;ALLIANCE MEDINFUSION LTDA;;BOMBA INFUSAO USO GERAL;SAMTRONIC;ST-1000;HCPE-0578;;Garantia;;2024-10-10 14:38:44.131000;2024-10-25 08:46:23.182000;14;Concluído
HC;5405;SENC;24.849;MP;;ALLIANCE MEDINFUSION LTDA;;BOMBA INFUSAO USO GERAL;SAMTRONIC;ST-1000;HCPE-0454;;Garantia;;2024-10-10 15:29:52.873000;2024-10-10 15:31:03.118000;0;Concluído
HC;5405;SENC;24.103;MC;;ALLIANCE MEDINFUSION LTDA;;BOMBA INFUSAO USO GERAL;SAMTRONIC;ST-1000;HCPE-0450;;Garantia;;2024-04-01 09:12:50.748000;2024-08-14 11:11:52.524000;135;Concluído
HC;5405;SENC;24.838;MP;;ALLIANCE MEDINFUSION LTDA;;BOMBA INFUSAO USO GERAL;SAMTRONIC;ST-1000;HCPE-2674;;Garantia;;2024-10-10 15:03:48.194000;2024-10-25 08:43:52.964000;14;Concluído
HC;5405;SENC;24.963;MC;;ALLIANCE MEDINFUSION LTDA;;BOMBA INFUSAO USO GERAL;SAMTRONIC;ST-1000;HCPE-0271;;Garantia;;2024-11-01 09:34:32.087000;2024-11-18 10:40:25.503000;17;Concluído
HC;5385;USU;25.1257;MC;;FRESENIUS MEDICAL CARE LTDA;;UNI HEMODIALISE;FRESENIUS MEDICAL CARE;4008-S;HCPE-0710,407.041;;Contrato;Valor Fixo;2025-05-30 16:03:47.727000;2025-06-25 12:04:33.638000;25;Concluído
HC;5405;SENC;24.962;MC;;ALLIANCE MEDINFUSION LTDA;;BOMBA INFUSAO USO GERAL;SAMTRONIC;ST-1000;HCPE-0042;;Garantia;;2024-11-01 09:35:43.518000;2024-11-18 10:37:48.715000;17;Concluído
HC;5385;USU;25.2668;MC;;FRESENIUS MEDICAL CARE LTDA;;UNI HEMODIALISE;FRESENIUS MEDICAL CARE;4008-S;HCPE-0708,407.611;;Garantia;;2025-10-06 08:24:21.349000;2025-10-28 14:10:25.625000;22;Concluído
HC;5369;UNIDI;25.2899;MP;;PHILIPS MEDICAL SYSTEMS LTDA;;TOMOGRAFO COMPUTADORIZADO;PHILIPS;INCISIVE CT;HCPE-3652,;;Garantia;;2025-10-28 14:03:33.001000;2025-10-28 14:06:24.594000;0;Concluído
HC;5405;SENC;24.968;MC;;ALLIANCE MEDINFUSION LTDA;;BOMBA INFUSAO USO GERAL;SAMTRONIC;ST-1000;HCPE-0452;;Garantia;;2024-11-01 09:23:20.783000;2024-11-18 10:38:23.243000;17;Concluído
HC;5393;UPME;25.3100;MC;;SUPPORTCARE TECNOLOGIA HOSPITALAR;;AUTOCLAVE GRANDE PORTE;CISA BRASILE;6410;HCPE-0905,409.647;;Garantia;;2025-11-12 09:55:41.651000;2025-11-12 10:00:49.757000;0;Concluído
HC;5405;SENC;24.82;MC;;ALLIANCE MEDINFUSION LTDA;;BOMBA INFUSAO USO GERAL;SAMTRONIC;ST-1000;HCPE-0269;;Garantia;;2024-04-01 09:47:14.201000;2024-08-14 10:54:55.208000;135;Concluído
HC;5385;USU;24.276;MC;;FRESENIUS MEDICAL CARE LTDA;;UNI HEMODIALISE;FRESENIUS MEDICAL CARE;4008-S;HCPE-0714,407.607;;Contrato;Valor Fixo;2024-06-13 08:38:26.298000;2024-08-09 11:22:15.932000;57;Concluído
HC;5385;USU;24.67;MC;;FRESENIUS MEDICAL CARE LTDA;;UNI HEMODIALISE;FRESENIUS MEDICAL CARE;4008-S;HCPE-1657,;;Contrato;Valor Fixo;2024-08-09 10:37:45.252000;2024-08-09 10:47:59.077000;0;Concluído
HC;5405;SENC;24.964;MC;;ALLIANCE MEDINFUSION LTDA;;BOMBA INFUSAO USO GERAL;SAMTRONIC;ST-1000;HCPE-2738;;Garantia;;2024-11-01 09:32:44.005000;2025-05-21 14:19:47.083000;201;Concluído
HC;5385;USU;24.71;MC;;FRESENIUS MEDICAL CARE LTDA;;UNI HEMODIALISE;FRESENIUS MEDICAL CARE;4008-S;HCPE-0731,407.612;;Contrato;Valor Fixo;2024-08-09 10:53:23.167000;2024-08-09 10:54:01.085000;0;Concluído
HC;5369;UNIDI;25.1845;MC;;GE HEALTHCARE DO BRASIL COMERCIO E SERVICOS PARA EQUIPAMENTOS MEDICO-HOSPITALARES LTDA;;PET CT;GE HEALTHCARE;DISCOVERY;HCPE-1344,417.828;;Garantia;;2025-08-04 10:49:08.052000;2025-08-21 11:30:27.454000;17;Concluído
HC;5394;UNIBC;24.156;MC;;ALLIANCE MEDINFUSION LTDA;;BOMBA INFUSAO USO GERAL;SAMTRONIC;ST-1000;HCPE-3146,;;Garantia;;2024-04-19 09:55:11.741000;2024-07-08 13:29:35.167000;80;Concluído
HC;5369;UNIDI;25.241;MC;;GE HEALTHCARE DO BRASIL COMERCIO E SERVICOS PARA EQUIPAMENTOS MEDICO-HOSPITALARES LTDA;;RESSONANCIA MAGNETICA;GE HEALTHCARE;SIGNA HDI;HCPE-0914,;;Garantia;;2025-02-06 09:32:29.673000;2025-06-05 09:57:37.872000;119;Concluído
HC;5385;USU;24.323;MC;;FRESENIUS MEDICAL CARE LTDA;;UNI HEMODIALISE;FRESENIUS MEDICAL CARE;4008-S;HCPE-0730,407.067;;Contrato;Valor Fixo;2024-07-01 08:35:31.834000;2024-08-09 11:27:18.983000;39;Concluído
HC;5394;UNIBC;25.3040;MP;;TERUMO MEDICAL DO BRASIL LTDA;;BOMBA INFUSAO SERINGA;TERUMO;SS-3-TCI;COM/2307010363;;Garantia;;2025-11-06 13:52:40.697000;;;Cancelado
HC;5385;USU;25.2569;MC;;FRESENIUS MEDICAL CARE LTDA;;UNI HEMODIALISE;FRESENIUS MEDICAL CARE;4008-S;HCPE-0731,407.612;;Contrato;Valor Fixo;2025-09-30 10:46:38.713000;2025-10-02 16:54:16.969000;2;Concluído
HC;5405;SENC;24.950;MC;;ALLIANCE MEDINFUSION LTDA;;BOMBA INFUSAO USO GERAL;SAMTRONIC;ST-1000;;;Garantia;;2024-10-31 08:20:16.881000;2025-05-21 14:22:25.544000;202;Concluído
HC;5385;USU;25.774;MC;;FRESENIUS MEDICAL CARE LTDA;;UNI HEMODIALISE;FRESENIUS MEDICAL CARE;4008-S;HCPE-0729,407.613;;Contrato;Valor Fixo;2025-04-07 15:51:12.992000;2025-06-12 15:28:56.762000;65;Concluído
HC;5393;UPME;25.1834;MC;;SUPPORTCARE TECNOLOGIA HOSPITALAR;;AUTOCLAVE GRANDE PORTE;CISA BRASILE;6410;HCPE-0905,409.647;;Garantia;;2025-07-29 10:57:06.711000;2025-07-29 11:00:20.732000;0;Concluído
HC;5385;USU;24.435;MC;;FRESENIUS MEDICAL CARE LTDA;;UNI HEMODIALISE;FRESENIUS MEDICAL CARE;4008-S;HCPE-0715,407.610;;Contrato;Valor Fixo;2024-07-10 09:19:08.012000;2024-12-27 09:34:55.031000;170;Concluído
HC;5405;SENC;24.83;MC;;ALLIANCE MEDINFUSION LTDA;;BOMBA INFUSAO USO GERAL;SAMTRONIC;ST-1000;HCPE-0445;;Garantia;;2024-04-01 10:13:18.724000;2024-08-14 10:50:32.524000;135;Concluído
HC;5405;SENC;24.1044;MC;;ALLIANCE MEDINFUSION LTDA;;BOMBA INFUSAO USO GERAL;SAMTRONIC;ST-1000;;;Garantia;;2024-11-12 12:49:33.031000;2024-11-12 12:50:35.235000;0;Concluído
HC;5405;SENC;24.967;MC;;ALLIANCE MEDINFUSION LTDA;;BOMBA INFUSAO USO GERAL;SAMTRONIC;ST-1000;HCPE-1591;;Garantia;;2024-11-01 09:24:18.201000;2024-11-18 10:39:51.999000;17;Concluído
HC;5385;USU;25.2088;MC;;FRESENIUS MEDICAL CARE LTDA;;UNI HEMODIALISE;FRESENIUS MEDICAL CARE;4008-S V-10;HCPE-3835;;Garantia;;2025-08-21 08:22:30.599000;2025-08-25 09:14:17.245000;4;Concluído
HC;5405;SENC;24.1042;MC;;ALLIANCE MEDINFUSION LTDA;;BOMBA INFUSAO USO GERAL;SAMTRONIC;ST-1000;HCPE-2751;;Garantia;;2024-11-12 12:30:08.882000;2024-11-12 12:36:43.662000;0;Concluído
HC;5385;USU;24.1107;MC;;FRESENIUS MEDICAL CARE LTDA;;UNI HEMODIALISE;FRESENIUS MEDICAL CARE;4008-S;HCPE-0727,407.046;;Contrato;Valor Fixo;2024-11-18 16:03:58.463000;2024-12-27 10:31:56.087000;38;Concluído
HC;5405;SENC;24.526;MC;;ALLIANCE MEDINFUSION LTDA;;BOMBA INFUSAO USO GERAL;SAMTRONIC;ST-1000;HCPE-0437;;Garantia;;2024-08-19 10:25:41.465000;2024-08-21 08:37:51.455000;1;Concluído
HC;5405;SENC;24.522;MC;;ALLIANCE MEDINFUSION LTDA;;BOMBA INFUSAO USO GERAL;SAMTRONIC;ST-1000;HCPE-0270;;Garantia;;2024-08-28 11:12:30.593000;2024-08-28 11:13:42.497000;0;Concluído
HC;5385;USU;25.58;MC;;FRESENIUS MEDICAL CARE LTDA;;UNI HEMODIALISE;FRESENIUS MEDICAL CARE;4008-S;HCPE-0730,407.067;;Contrato;Valor Fixo;2025-01-09 09:43:33.277000;2025-01-14 08:35:47.411000;4;Concluído
HC;5385;USU;24.68;MC;;FRESENIUS MEDICAL CARE LTDA;;UNI HEMODIALISE;FRESENIUS MEDICAL CARE;4008-S;HCPE-0728,407.608;;Contrato;Valor Fixo;2024-03-14 09:45:35.065000;2024-08-09 10:51:27.586000;148;Concluído
HC;5385;USU;25.2210;MC;;FRESENIUS MEDICAL CARE LTDA;;UNI HEMODIALISE;FRESENIUS MEDICAL CARE;4008-S V-10;HCPE-3831;;Garantia;;2025-08-29 07:36:21.056000;2025-09-09 07:54:08.501000;11;Concluído
HC;5369;UNIDI;25.2928;MP;;SAFE SUPORTE A VIDA E COMERCIO INTERNACIONAL LTDA;;DENSITOMETRO OSSEO RAIO-X FEIXE DUPLO;HOLOGIC;HORIZON WI;HCPE-3270,;;Garantia;;2025-10-30 15:01:51.547000;2025-11-04 09:03:18.121000;4;Concluído
HC;5369;UNIDI;25.2432;MC;;GE HEALTHCARE DO BRASIL COMERCIO E SERVICOS PARA EQUIPAMENTOS MEDICO-HOSPITALARES LTDA;;RESSONANCIA MAGNETICA;GE HEALTHCARE;SIGNA HDI;HCPE-0914,;;Garantia;;2025-09-17 13:34:54.278000;2025-09-29 10:19:48.676000;11;Concluído
HC;5393;UPME;25.2906;MC;;SUPPORTCARE TECNOLOGIA HOSPITALAR;;AUTOCLAVE GRANDE PORTE;CISA BRASILE;6410;HCPE-0905,409.647;;Garantia;;2025-11-03 09:49:19.165000;2025-11-03 09:53:11.635000;0;Concluído
HC;5405;SENC;24.1038;MC;;ALLIANCE MEDINFUSION LTDA;;BOMBA INFUSAO USO GERAL;SAMTRONIC;ST-1000;HCPE-0028;;Garantia;;2024-11-12 12:29:28.062000;2024-11-12 12:37:27.561000;0;Concluído
HC;5385;USU;25.691;MC;;FRESENIUS MEDICAL CARE LTDA;;UNI HEMODIALISE;FRESENIUS MEDICAL CARE;4008-S;HCPE-1653,760.775;;Garantia;;2025-04-02 16:31:04.192000;2025-08-21 08:47:47.026000;140;Concluído
HC;5385;USU;25.2050;MC;;FRESENIUS MEDICAL CARE LTDA;;UNI HEMODIALISE;FRESENIUS MEDICAL CARE;4008-S;HCPE-0730,407.067;;Contrato;Valor Fixo;2025-08-19 08:40:37.117000;2025-08-25 09:40:30.662000;6;Concluído
HC;5395;UTIPN;24.216;MC;;ALLIANCE MEDINFUSION LTDA;;BOMBA INFUSAO SERINGA;SAMTRONIC;ST-7000;HCPE-2836,;;Garantia;;2024-05-15 10:11:48.253000;2024-06-03 14:04:41.785000;19;Concluído
HC;5393;UPME;25.1761;MP;;SUPPORTCARE TECNOLOGIA HOSPITALAR;;TERMODESINFECTORA;CISA BRASILE;155/2-P/E/TS/SV;HCPE-0906,409.645;;Garantia;;2025-07-22 13:40:17.282000;2025-07-22 13:42:47.096000;0;Concluído
HC;5385;USU;24.521;MC;;FRESENIUS MEDICAL CARE LTDA;;UNI HEMODIALISE;FRESENIUS MEDICAL CARE;4008-S;HCPE-1655;;Contrato;Valor Fixo;2024-08-19 09:44:27.578000;2024-09-19 16:39:56.532000;31;Concluído
HC;5405;SENC;24.594;MC;;ALLIANCE MEDINFUSION LTDA;;BOMBA INFUSAO USO GERAL;SAMTRONIC;ST-1000;HCPE-0038;;Garantia;;2024-09-13 11:44:01.619000;;;Cancelado
HC;5405;SENC;24.961;MC;;ALLIANCE MEDINFUSION LTDA;;BOMBA INFUSAO USO GERAL;SAMTRONIC;ST-1000;HCPE-2832;;Garantia;;2024-11-01 09:37:18.017000;2024-11-18 10:25:33.027000;17;Concluído
HC;5405;SENC;24.837;MP;;ALLIANCE MEDINFUSION LTDA;;BOMBA INFUSAO USO GERAL;SAMTRONIC;ST-1000;HCPE-0433;;Garantia;;2024-10-10 14:57:43.838000;2024-10-25 08:41:03.732000;14;Concluído
